card_id,review_time,review_rating,review_state,review_duration
019a0000-0000-7000-8000-000000000434,1735722000000,4,0,11302
019a0000-0000-7000-8000-000000000638,1735808400000,2,0,3050
019a0000-0000-7000-8000-000000000083,1735894800000,1,0,3142
019a0000-0000-7000-8000-000000000207,1735894800000,3,0,14782
019a0000-0000-7000-8000-000000000083,1735981200000,1,3,7845
019a0000-0000-7000-8000-000000000480,1735981200000,3,0,3645
019a0000-0000-7000-8000-000000000638,1735981200000,3,2,6707
019a0000-0000-7000-8000-000000000083,1736067600000,1,3,12589
019a0000-0000-7000-8000-000000000207,1736067600000,3,2,6632
019a0000-0000-7000-8000-000000000083,1736154000000,3,3,5706
019a0000-0000-7000-8000-000000000107,1736154000000,1,0,4203
019a0000-0000-7000-8000-000000000132,1736154000000,3,0,7514
019a0000-0000-7000-8000-000000000434,1736154000000,3,2,7473
019a0000-0000-7000-8000-000000000480,1736154000000,3,2,3087
019a0000-0000-7000-8000-000000000498,1736154000000,3,0,3593
019a0000-0000-7000-8000-000000000083,1736240400000,3,2,14004
019a0000-0000-7000-8000-000000000107,1736240400000,3,3,13826
019a0000-0000-7000-8000-000000000693,1736240400000,3,0,7731
019a0000-0000-7000-8000-000000000132,1736326800000,3,2,7233
019a0000-0000-7000-8000-000000000355,1736326800000,1,0,3788
019a0000-0000-7000-8000-000000000403,1736326800000,3,0,11992
019a0000-0000-7000-8000-000000000498,1736326800000,3,2,12358
019a0000-0000-7000-8000-000000000593,1736326800000,3,0,7726
019a0000-0000-7000-8000-000000000182,1736413200000,1,0,3735
019a0000-0000-7000-8000-000000000280,1736413200000,4,0,14261
019a0000-0000-7000-8000-000000000355,1736413200000,1,3,9827
019a0000-0000-7000-8000-000000000546,1736413200000,3,0,5059
019a0000-0000-7000-8000-000000000677,1736413200000,3,0,6235
019a0000-0000-7000-8000-000000000693,1736413200000,3,2,8151
019a0000-0000-7000-8000-000000000083,1736499600000,4,2,11625
019a0000-0000-7000-8000-000000000182,1736499600000,3,3,8377
019a0000-0000-7000-8000-000000000355,1736499600000,1,3,8740
019a0000-0000-7000-8000-000000000403,1736499600000,3,2,7243
019a0000-0000-7000-8000-000000000593,1736499600000,3,2,9008
019a0000-0000-7000-8000-000000000623,1736499600000,3,0,6549
019a0000-0000-7000-8000-000000000221,1736586000000,3,0,5489
019a0000-0000-7000-8000-000000000223,1736586000000,2,0,5191
019a0000-0000-7000-8000-000000000355,1736586000000,1,3,6586
019a0000-0000-7000-8000-000000000546,1736586000000,2,2,13256
019a0000-0000-7000-8000-000000000677,1736586000000,3,2,12914
019a0000-0000-7000-8000-000000000732,1736586000000,1,0,10476
019a0000-0000-7000-8000-000000000049,1736672400000,1,0,14900
019a0000-0000-7000-8000-000000000107,1736672400000,3,2,5435
019a0000-0000-7000-8000-000000000161,1736672400000,2,0,3376
019a0000-0000-7000-8000-000000000176,1736672400000,2,0,8516
019a0000-0000-7000-8000-000000000178,1736672400000,3,0,13495
019a0000-0000-7000-8000-000000000355,1736672400000,1,3,3289
019a0000-0000-7000-8000-000000000590,1736672400000,1,0,13323
019a0000-0000-7000-8000-000000000623,1736672400000,2,2,3860
019a0000-0000-7000-8000-000000000732,1736672400000,1,3,10271
019a0000-0000-7000-8000-000000000004,1736758800000,1,0,4642
019a0000-0000-7000-8000-000000000049,1736758800000,3,3,6222
019a0000-0000-7000-8000-000000000221,1736758800000,3,2,8695
019a0000-0000-7000-8000-000000000223,1736758800000,3,2,3147
019a0000-0000-7000-8000-000000000243,1736758800000,1,0,6194
019a0000-0000-7000-8000-000000000340,1736758800000,1,0,10422
019a0000-0000-7000-8000-000000000348,1736758800000,1,0,4156
019a0000-0000-7000-8000-000000000355,1736758800000,3,3,8577
019a0000-0000-7000-8000-000000000402,1736758800000,3,0,5111
019a0000-0000-7000-8000-000000000590,1736758800000,3,3,4696
019a0000-0000-7000-8000-000000000732,1736758800000,3,3,14625
019a0000-0000-7000-8000-000000000004,1736845200000,3,3,14292
019a0000-0000-7000-8000-000000000161,1736845200000,3,2,11282
019a0000-0000-7000-8000-000000000176,1736845200000,2,2,10654
019a0000-0000-7000-8000-000000000178,1736845200000,2,2,10395
019a0000-0000-7000-8000-000000000239,1736845200000,3,0,13301
019a0000-0000-7000-8000-000000000243,1736845200000,3,3,5131
019a0000-0000-7000-8000-000000000280,1736845200000,3,2,7580
019a0000-0000-7000-8000-000000000340,1736845200000,3,3,11563
019a0000-0000-7000-8000-000000000348,1736845200000,3,3,9803
019a0000-0000-7000-8000-000000000355,1736845200000,3,2,14705
019a0000-0000-7000-8000-000000000376,1736845200000,3,0,10708
019a0000-0000-7000-8000-000000000430,1736845200000,1,0,4456
019a0000-0000-7000-8000-000000000467,1736845200000,3,0,14125
019a0000-0000-7000-8000-000000000182,1736931600000,3,2,9942
019a0000-0000-7000-8000-000000000402,1736931600000,2,2,8548
019a0000-0000-7000-8000-000000000430,1736931600000,3,3,8399
019a0000-0000-7000-8000-000000000732,1736931600000,3,2,11471
019a0000-0000-7000-8000-000000000239,1737018000000,3,2,4119
019a0000-0000-7000-8000-000000000375,1737018000000,3,0,14969
019a0000-0000-7000-8000-000000000376,1737018000000,3,2,14919
019a0000-0000-7000-8000-000000000462,1737018000000,3,0,5748
019a0000-0000-7000-8000-000000000467,1737018000000,2,2,8281
019a0000-0000-7000-8000-000000000555,1737018000000,3,0,8258
019a0000-0000-7000-8000-000000000249,1737104400000,3,0,9405
019a0000-0000-7000-8000-000000000313,1737104400000,4,0,3601
019a0000-0000-7000-8000-000000000351,1737104400000,3,0,11077
019a0000-0000-7000-8000-000000000663,1737104400000,1,0,10523
019a0000-0000-7000-8000-000000000049,1737190800000,3,2,6646
019a0000-0000-7000-8000-000000000306,1737190800000,1,0,9522
019a0000-0000-7000-8000-000000000375,1737190800000,3,2,8123
019a0000-0000-7000-8000-000000000462,1737190800000,1,2,5590
019a0000-0000-7000-8000-000000000530,1737190800000,1,0,7979
019a0000-0000-7000-8000-000000000555,1737190800000,4,2,4089
019a0000-0000-7000-8000-000000000590,1737190800000,3,2,8615
019a0000-0000-7000-8000-000000000663,1737190800000,2,3,11335
019a0000-0000-7000-8000-000000000004,1737277200000,3,2,6129
019a0000-0000-7000-8000-000000000243,1737277200000,3,2,5387
019a0000-0000-7000-8000-000000000249,1737277200000,3,2,6683
019a0000-0000-7000-8000-000000000256,1737277200000,1,0,3220
019a0000-0000-7000-8000-000000000306,1737277200000,2,3,7457
019a0000-0000-7000-8000-000000000315,1737277200000,3,0,8533
019a0000-0000-7000-8000-000000000340,1737277200000,3,2,9662
019a0000-0000-7000-8000-000000000348,1737277200000,2,2,9439
019a0000-0000-7000-8000-000000000351,1737277200000,3,2,12948
019a0000-0000-7000-8000-000000000462,1737277200000,3,3,7598
019a0000-0000-7000-8000-000000000530,1737277200000,3,3,3913
019a0000-0000-7000-8000-000000000644,1737277200000,3,0,8485
019a0000-0000-7000-8000-000000000256,1737363600000,3,3,14773
019a0000-0000-7000-8000-000000000386,1737363600000,3,0,8034
019a0000-0000-7000-8000-000000000430,1737363600000,3,2,12269
019a0000-0000-7000-8000-000000000638,1737363600000,1,2,12186
019a0000-0000-7000-8000-000000000711,1737363600000,3,0,12450
019a0000-0000-7000-8000-000000000315,1737450000000,3,2,7820
019a0000-0000-7000-8000-000000000644,1737450000000,3,2,12408
019a0000-0000-7000-8000-000000000663,1737450000000,2,2,10031
019a0000-0000-7000-8000-000000000083,1737536400000,1,2,5492
019a0000-0000-7000-8000-000000000101,1737536400000,2,0,9302
019a0000-0000-7000-8000-000000000306,1737536400000,3,2,3115
019a0000-0000-7000-8000-000000000313,1737536400000,3,2,10734
019a0000-0000-7000-8000-000000000386,1737536400000,3,2,13423
019a0000-0000-7000-8000-000000000578,1737536400000,3,0,3753
019a0000-0000-7000-8000-000000000638,1737536400000,3,3,10517
019a0000-0000-7000-8000-000000000711,1737536400000,3,2,13061
019a0000-0000-7000-8000-000000000732,1737536400000,1,2,8047
019a0000-0000-7000-8000-000000000194,1737622800000,3,0,10583
019a0000-0000-7000-8000-000000000732,1737622800000,3,3,11640
019a0000-0000-7000-8000-000000000101,1737709200000,3,2,3544
019a0000-0000-7000-8000-000000000445,1737709200000,3,0,8642
019a0000-0000-7000-8000-000000000462,1737709200000,3,2,14815
019a0000-0000-7000-8000-000000000530,1737709200000,2,2,12775
019a0000-0000-7000-8000-000000000531,1737709200000,3,0,7545
019a0000-0000-7000-8000-000000000578,1737709200000,3,2,14334
019a0000-0000-7000-8000-000000000095,1737795600000,3,0,3190
019a0000-0000-7000-8000-000000000133,1737795600000,3,0,13064
019a0000-0000-7000-8000-000000000176,1737795600000,3,2,7790
019a0000-0000-7000-8000-000000000194,1737795600000,3,2,9887
019a0000-0000-7000-8000-000000000217,1737795600000,4,0,4436
019a0000-0000-7000-8000-000000000256,1737795600000,1,2,11541
019a0000-0000-7000-8000-000000000352,1737795600000,3,0,6083
019a0000-0000-7000-8000-000000000675,1737795600000,1,0,13055
019a0000-0000-7000-8000-000000000040,1737882000000,3,0,12160
019a0000-0000-7000-8000-000000000256,1737882000000,3,3,9279
019a0000-0000-7000-8000-000000000339,1737882000000,3,0,5819
019a0000-0000-7000-8000-000000000445,1737882000000,3,2,12113
019a0000-0000-7000-8000-000000000473,1737882000000,1,0,3825
019a0000-0000-7000-8000-000000000522,1737882000000,1,0,8548
019a0000-0000-7000-8000-000000000531,1737882000000,3,2,4001
019a0000-0000-7000-8000-000000000546,1737882000000,3,2,9388
019a0000-0000-7000-8000-000000000675,1737882000000,2,3,13118
019a0000-0000-7000-8000-000000000732,1737882000000,3,2,3487
019a0000-0000-7000-8000-000000000768,1737882000000,3,0,7894
019a0000-0000-7000-8000-000000000095,1737968400000,4,2,6340
019a0000-0000-7000-8000-000000000133,1737968400000,3,2,7210
019a0000-0000-7000-8000-000000000352,1737968400000,3,2,3606
019a0000-0000-7000-8000-000000000473,1737968400000,3,3,12404
019a0000-0000-7000-8000-000000000522,1737968400000,1,3,6879
019a0000-0000-7000-8000-000000000571,1737968400000,1,0,3058
019a0000-0000-7000-8000-000000000623,1737968400000,2,2,3197
019a0000-0000-7000-8000-000000000651,1737968400000,1,0,6149
019a0000-0000-7000-8000-000000000020,1738054800000,3,0,8310
019a0000-0000-7000-8000-000000000040,1738054800000,4,2,3973
019a0000-0000-7000-8000-000000000051,1738054800000,3,0,4520
019a0000-0000-7000-8000-000000000207,1738054800000,3,2,14985
019a0000-0000-7000-8000-000000000339,1738054800000,1,2,11577
019a0000-0000-7000-8000-000000000522,1738054800000,3,3,3434
019a0000-0000-7000-8000-000000000571,1738054800000,1,3,8632
019a0000-0000-7000-8000-000000000651,1738054800000,1,3,10401
019a0000-0000-7000-8000-000000000768,1738054800000,3,2,4083
019a0000-0000-7000-8000-000000000068,1738141200000,3,0,7773
019a0000-0000-7000-8000-000000000158,1738141200000,3,0,14001
019a0000-0000-7000-8000-000000000178,1738141200000,3,2,6227
019a0000-0000-7000-8000-000000000223,1738141200000,2,2,5315
019a0000-0000-7000-8000-000000000339,1738141200000,3,3,9346
019a0000-0000-7000-8000-000000000480,1738141200000,3,2,13047
019a0000-0000-7000-8000-000000000571,1738141200000,1,3,12987
019a0000-0000-7000-8000-000000000651,1738141200000,4,3,14009
019a0000-0000-7000-8000-000000000675,1738141200000,3,2,3778
019a0000-0000-7000-8000-000000000020,1738227600000,3,2,12671
019a0000-0000-7000-8000-000000000051,1738227600000,3,2,6786
019a0000-0000-7000-8000-000000000161,1738227600000,3,2,10828
019a0000-0000-7000-8000-000000000217,1738227600000,2,2,6957
019a0000-0000-7000-8000-000000000256,1738227600000,3,2,3408
019a0000-0000-7000-8000-000000000402,1738227600000,3,2,12568
019a0000-0000-7000-8000-000000000522,1738227600000,3,2,6283
019a0000-0000-7000-8000-000000000571,1738227600000,3,3,4348
019a0000-0000-7000-8000-000000000638,1738227600000,3,2,3040
019a0000-0000-7000-8000-000000000027,1738314000000,1,0,9138
019a0000-0000-7000-8000-000000000068,1738314000000,3,2,5139
019a0000-0000-7000-8000-000000000089,1738314000000,1,0,8225
019a0000-0000-7000-8000-000000000132,1738314000000,4,2,7376
019a0000-0000-7000-8000-000000000158,1738314000000,3,2,3000
019a0000-0000-7000-8000-000000000206,1738314000000,1,0,3225
019a0000-0000-7000-8000-000000000467,1738314000000,3,2,10847
019a0000-0000-7000-8000-000000000498,1738314000000,2,2,12311
019a0000-0000-7000-8000-000000000571,1738314000000,3,2,3038
019a0000-0000-7000-8000-000000000633,1738314000000,4,0,5439
019a0000-0000-7000-8000-000000000027,1738400400000,3,3,8609
019a0000-0000-7000-8000-000000000029,1738400400000,3,0,10941
019a0000-0000-7000-8000-000000000071,1738400400000,1,0,6139
019a0000-0000-7000-8000-000000000089,1738400400000,3,3,9950
019a0000-0000-7000-8000-000000000203,1738400400000,4,0,12124
019a0000-0000-7000-8000-000000000206,1738400400000,2,3,10585
019a0000-0000-7000-8000-000000000473,1738400400000,3,2,13841
019a0000-0000-7000-8000-000000000650,1738400400000,3,0,3007
019a0000-0000-7000-8000-000000000651,1738400400000,3,2,13872
019a0000-0000-7000-8000-000000000663,1738400400000,3,2,6994
019a0000-0000-7000-8000-000000000693,1738400400000,3,2,3883
019a0000-0000-7000-8000-000000000071,1738486800000,3,3,4328
019a0000-0000-7000-8000-000000000403,1738486800000,4,2,12945
019a0000-0000-7000-8000-000000000558,1738486800000,3,0,6639
019a0000-0000-7000-8000-000000000593,1738486800000,3,2,4837
019a0000-0000-7000-8000-000000000029,1738573200000,3,2,6983
019a0000-0000-7000-8000-000000000339,1738573200000,2,2,11925
019a0000-0000-7000-8000-000000000571,1738573200000,1,2,11627
019a0000-0000-7000-8000-000000000650,1738573200000,1,2,11634
019a0000-0000-7000-8000-000000000677,1738573200000,3,2,10721
019a0000-0000-7000-8000-000000000009,1738659600000,3,0,4928
019a0000-0000-7000-8000-000000000065,1738659600000,3,0,7507
019a0000-0000-7000-8000-000000000091,1738659600000,1,0,13210
019a0000-0000-7000-8000-000000000128,1738659600000,3,0,5469
019a0000-0000-7000-8000-000000000206,1738659600000,3,2,3779
019a0000-0000-7000-8000-000000000557,1738659600000,1,0,11521
019a0000-0000-7000-8000-000000000558,1738659600000,3,2,8574
019a0000-0000-7000-8000-000000000571,1738659600000,3,3,9563
019a0000-0000-7000-8000-000000000650,1738659600000,3,3,3499
019a0000-0000-7000-8000-000000000701,1738659600000,1,0,11601
019a0000-0000-7000-8000-000000000733,1738659600000,1,0,6413
019a0000-0000-7000-8000-000000000091,1738746000000,1,3,5219
019a0000-0000-7000-8000-000000000221,1738746000000,3,2,7310
019a0000-0000-7000-8000-000000000290,1738746000000,3,0,3875
019a0000-0000-7000-8000-000000000385,1738746000000,1,0,12122
019a0000-0000-7000-8000-000000000469,1738746000000,3,0,11055
019a0000-0000-7000-8000-000000000557,1738746000000,1,3,9103
019a0000-0000-7000-8000-000000000633,1738746000000,3,2,12437
019a0000-0000-7000-8000-000000000678,1738746000000,4,0,14235
019a0000-0000-7000-8000-000000000701,1738746000000,3,3,12797
019a0000-0000-7000-8000-000000000733,1738746000000,1,3,6478
019a0000-0000-7000-8000-000000000009,1738832400000,4,2,8849
019a0000-0000-7000-8000-000000000027,1738832400000,3,2,3002
019a0000-0000-7000-8000-000000000065,1738832400000,1,2,6188
019a0000-0000-7000-8000-000000000089,1738832400000,1,2,12851
019a0000-0000-7000-8000-000000000091,1738832400000,3,3,8920
019a0000-0000-7000-8000-000000000128,1738832400000,2,2,11269
019a0000-0000-7000-8000-000000000203,1738832400000,3,2,10642
019a0000-0000-7000-8000-000000000385,1738832400000,2,3,9485
019a0000-0000-7000-8000-000000000522,1738832400000,3,2,14129
019a0000-0000-7000-8000-000000000557,1738832400000,1,3,4152
019a0000-0000-7000-8000-000000000586,1738832400000,3,0,12509
019a0000-0000-7000-8000-000000000733,1738832400000,3,3,3144
019a0000-0000-7000-8000-000000000065,1738918800000,4,3,6828
019a0000-0000-7000-8000-000000000071,1738918800000,1,2,4851
019a0000-0000-7000-8000-000000000089,1738918800000,3,3,12918
019a0000-0000-7000-8000-000000000147,1738918800000,2,0,13057
019a0000-0000-7000-8000-000000000211,1738918800000,3,0,3125
019a0000-0000-7000-8000-000000000216,1738918800000,3,0,13937
019a0000-0000-7000-8000-000000000290,1738918800000,3,2,7545
019a0000-0000-7000-8000-000000000306,1738918800000,1,2,10127
019a0000-0000-7000-8000-000000000469,1738918800000,3,2,11195
019a0000-0000-7000-8000-000000000557,1738918800000,3,3,8539
019a0000-0000-7000-8000-000000000071,1739005200000,1,3,12695
019a0000-0000-7000-8000-000000000091,1739005200000,3,2,9589
019a0000-0000-7000-8000-000000000239,1739005200000,1,2,5454
019a0000-0000-7000-8000-000000000376,1739005200000,3,2,12285
019a0000-0000-7000-8000-000000000495,1739005200000,3,0,11886
019a0000-0000-7000-8000-000000000557,1739005200000,1,2,10732
019a0000-0000-7000-8000-000000000586,1739005200000,2,2,4296
019a0000-0000-7000-8000-000000000733,1739005200000,3,2,9913
019a0000-0000-7000-8000-000000000071,1739091600000,3,3,9167
019a0000-0000-7000-8000-000000000101,1739091600000,1,2,8613
019a0000-0000-7000-8000-000000000147,1739091600000,3,2,10044
019a0000-0000-7000-8000-000000000211,1739091600000,2,2,5835
019a0000-0000-7000-8000-000000000216,1739091600000,2,2,4606
019a0000-0000-7000-8000-000000000306,1739091600000,3,3,3836
019a0000-0000-7000-8000-000000000348,1739091600000,2,2,11553
019a0000-0000-7000-8000-000000000385,1739091600000,3,2,9145
019a0000-0000-7000-8000-000000000557,1739091600000,3,3,6666
019a0000-0000-7000-8000-000000000650,1739091600000,3,2,6718
019a0000-0000-7000-8000-000000000118,1739178000000,3,0,13809
019a0000-0000-7000-8000-000000000121,1739178000000,1,0,8319
019a0000-0000-7000-8000-000000000239,1739178000000,4,3,7143
019a0000-0000-7000-8000-000000000375,1739178000000,1,2,13480
019a0000-0000-7000-8000-000000000495,1739178000000,3,2,13103
019a0000-0000-7000-8000-000000000557,1739178000000,3,2,10978
019a0000-0000-7000-8000-000000000678,1739178000000,1,2,4142
019a0000-0000-7000-8000-000000000701,1739178000000,3,2,5501
019a0000-0000-7000-8000-000000000015,1739264400000,3,0,3231
019a0000-0000-7000-8000-000000000071,1739264400000,3,2,11824
019a0000-0000-7000-8000-000000000089,1739264400000,2,2,9723
019a0000-0000-7000-8000-000000000101,1739264400000,3,3,6526
019a0000-0000-7000-8000-000000000121,1739264400000,2,3,8954
019a0000-0000-7000-8000-000000000163,1739264400000,1,0,13798
019a0000-0000-7000-8000-000000000249,1739264400000,1,2,13876
019a0000-0000-7000-8000-000000000351,1739264400000,3,2,3832
019a0000-0000-7000-8000-000000000678,1739264400000,2,3,14177
019a0000-0000-7000-8000-000000000042,1739350800000,3,0,6183
019a0000-0000-7000-8000-000000000118,1739350800000,3,2,6137
019a0000-0000-7000-8000-000000000163,1739350800000,3,3,3789
019a0000-0000-7000-8000-000000000375,1739350800000,3,3,9651
019a0000-0000-7000-8000-000000000511,1739350800000,3,0,11662
019a0000-0000-7000-8000-000000000015,1739437200000,3,2,9173
019a0000-0000-7000-8000-000000000079,1739437200000,3,0,5433
019a0000-0000-7000-8000-000000000107,1739437200000,3,2,3020
019a0000-0000-7000-8000-000000000181,1739437200000,3,0,5654
019a0000-0000-7000-8000-000000000249,1739437200000,2,3,5540
019a0000-0000-7000-8000-000000000256,1739437200000,3,2,7163
019a0000-0000-7000-8000-000000000315,1739437200000,3,2,7845
019a0000-0000-7000-8000-000000000427,1739437200000,3,0,12623
019a0000-0000-7000-8000-000000000603,1739437200000,2,0,12920
019a0000-0000-7000-8000-000000000644,1739437200000,3,2,13013
019a0000-0000-7000-8000-000000000042,1739523600000,3,2,11863
019a0000-0000-7000-8000-000000000121,1739523600000,3,2,11801
019a0000-0000-7000-8000-000000000386,1739523600000,3,2,9375
019a0000-0000-7000-8000-000000000511,1739523600000,4,2,12422
019a0000-0000-7000-8000-000000000530,1739523600000,3,2,5334
019a0000-0000-7000-8000-000000000651,1739523600000,2,2,5754
019a0000-0000-7000-8000-000000000675,1739523600000,3,2,3511
019a0000-0000-7000-8000-000000000711,1739523600000,3,2,11195
019a0000-0000-7000-8000-000000000789,1739523600000,3,0,5440
019a0000-0000-7000-8000-000000000079,1739610000000,3,2,10946
019a0000-0000-7000-8000-000000000091,1739610000000,1,2,5096
019a0000-0000-7000-8000-000000000181,1739610000000,3,2,6413
019a0000-0000-7000-8000-000000000306,1739610000000,3,2,14590
019a0000-0000-7000-8000-000000000427,1739610000000,1,2,12954
019a0000-0000-7000-8000-000000000603,1739610000000,3,2,13564
019a0000-0000-7000-8000-000000000678,1739610000000,3,2,3701
019a0000-0000-7000-8000-000000000733,1739610000000,3,2,4670
019a0000-0000-7000-8000-000000000065,1739696400000,2,2,12170
019a0000-0000-7000-8000-000000000071,1739696400000,3,2,4299
019a0000-0000-7000-8000-000000000091,1739696400000,2,3,14358
019a0000-0000-7000-8000-000000000153,1739696400000,1,0,6189
019a0000-0000-7000-8000-000000000182,1739696400000,2,2,9688
019a0000-0000-7000-8000-000000000427,1739696400000,3,3,8581
019a0000-0000-7000-8000-000000000559,1739696400000,1,0,14430
019a0000-0000-7000-8000-000000000578,1739696400000,3,2,6771
019a0000-0000-7000-8000-000000000717,1739696400000,2,0,8986
019a0000-0000-7000-8000-000000000789,1739696400000,1,2,7117
019a0000-0000-7000-8000-000000000153,1739782800000,1,3,11267
019a0000-0000-7000-8000-000000000163,1739782800000,3,2,4033
019a0000-0000-7000-8000-000000000194,1739782800000,3,2,5868
019a0000-0000-7000-8000-000000000226,1739782800000,1,0,10701
019a0000-0000-7000-8000-000000000559,1739782800000,3,3,6284
019a0000-0000-7000-8000-000000000616,1739782800000,3,0,6244
019a0000-0000-7000-8000-000000000789,1739782800000,3,3,4106
019a0000-0000-7000-8000-000000000091,1739869200000,1,2,13315
019a0000-0000-7000-8000-000000000153,1739869200000,3,3,14562
019a0000-0000-7000-8000-000000000226,1739869200000,3,3,7955
019a0000-0000-7000-8000-000000000445,1739869200000,3,2,3774
019a0000-0000-7000-8000-000000000462,1739869200000,3,2,9932
019a0000-0000-7000-8000-000000000531,1739869200000,3,2,11400
019a0000-0000-7000-8000-000000000560,1739869200000,1,0,11133
019a0000-0000-7000-8000-000000000717,1739869200000,4,2,11664
019a0000-0000-7000-8000-000000000049,1739955600000,3,2,4195
019a0000-0000-7000-8000-000000000101,1739955600000,3,2,14351
019a0000-0000-7000-8000-000000000133,1739955600000,3,2,5124
019a0000-0000-7000-8000-000000000352,1739955600000,2,2,3148
019a0000-0000-7000-8000-000000000560,1739955600000,3,3,13451
019a0000-0000-7000-8000-000000000590,1739955600000,3,2,5384
019a0000-0000-7000-8000-000000000610,1739955600000,4,0,3675
019a0000-0000-7000-8000-000000000616,1739955600000,3,2,11259
019a0000-0000-7000-8000-000000000004,1740042000000,3,2,11394
019a0000-0000-7000-8000-000000000153,1740042000000,3,2,14947
019a0000-0000-7000-8000-000000000206,1740042000000,2,2,12013
019a0000-0000-7000-8000-000000000243,1740042000000,3,2,12470
019a0000-0000-7000-8000-000000000339,1740042000000,3,2,9761
019a0000-0000-7000-8000-000000000340,1740042000000,3,2,14095
019a0000-0000-7000-8000-000000000529,1740042000000,1,0,3576
019a0000-0000-7000-8000-000000000768,1740042000000,3,2,10989
019a0000-0000-7000-8000-000000000036,1740128400000,3,0,9076
019a0000-0000-7000-8000-000000000089,1740128400000,2,2,9477
019a0000-0000-7000-8000-000000000128,1740128400000,1,2,14306
019a0000-0000-7000-8000-000000000249,1740128400000,3,2,8383
019a0000-0000-7000-8000-000000000331,1740128400000,1,0,10743
019a0000-0000-7000-8000-000000000427,1740128400000,3,2,13633
019a0000-0000-7000-8000-000000000430,1740128400000,1,2,5954
019a0000-0000-7000-8000-000000000508,1740128400000,1,0,10708
019a0000-0000-7000-8000-000000000529,1740128400000,3,3,11047
019a0000-0000-7000-8000-000000000621,1740128400000,3,0,9166
019a0000-0000-7000-8000-000000000688,1740128400000,3,0,7008
019a0000-0000-7000-8000-000000000020,1740214800000,3,2,11941
019a0000-0000-7000-8000-000000000051,1740214800000,3,2,4307
019a0000-0000-7000-8000-000000000331,1740214800000,2,3,13984
019a0000-0000-7000-8000-000000000508,1740214800000,3,3,3681
019a0000-0000-7000-8000-000000000559,1740214800000,3,2,13324
019a0000-0000-7000-8000-000000000789,1740214800000,2,2,3273
019a0000-0000-7000-8000-000000000036,1740301200000,3,2,4358
019a0000-0000-7000-8000-000000000068,1740301200000,3,2,14607
019a0000-0000-7000-8000-000000000128,1740301200000,3,3,14546
019a0000-0000-7000-8000-000000000158,1740301200000,4,2,13353
019a0000-0000-7000-8000-000000000226,1740301200000,2,2,8394
019a0000-0000-7000-8000-000000000375,1740301200000,3,2,6610
019a0000-0000-7000-8000-000000000430,1740301200000,3,3,9319
019a0000-0000-7000-8000-000000000586,1740301200000,3,2,10239
019a0000-0000-7000-8000-000000000621,1740301200000,2,2,9455
019a0000-0000-7000-8000-000000000688,1740301200000,2,2,13819
019a0000-0000-7000-8000-000000000172,1740387600000,4,0,13366
019a0000-0000-7000-8000-000000000211,1740387600000,2,2,5138
019a0000-0000-7000-8000-000000000216,1740387600000,3,2,9631
019a0000-0000-7000-8000-000000000560,1740387600000,3,2,3941
019a0000-0000-7000-8000-000000000561,1740387600000,3,0,13019
019a0000-0000-7000-8000-000000000564,1740387600000,3,0,6704
019a0000-0000-7000-8000-000000000610,1740387600000,2,2,5661
019a0000-0000-7000-8000-000000000777,1740387600000,2,0,14084
019a0000-0000-7000-8000-000000000147,1740474000000,2,2,7151
019a0000-0000-7000-8000-000000000331,1740474000000,3,2,5896
019a0000-0000-7000-8000-000000000385,1740474000000,3,2,10933
019a0000-0000-7000-8000-000000000400,1740474000000,1,0,8263
019a0000-0000-7000-8000-000000000451,1740474000000,3,0,4342
019a0000-0000-7000-8000-000000000029,1740560400000,4,2,5257
019a0000-0000-7000-8000-000000000400,1740560400000,3,3,8523
019a0000-0000-7000-8000-000000000510,1740560400000,3,0,4099
019a0000-0000-7000-8000-000000000526,1740560400000,4,0,8263
019a0000-0000-7000-8000-000000000529,1740560400000,3,2,11603
019a0000-0000-7000-8000-000000000561,1740560400000,2,2,4122
019a0000-0000-7000-8000-000000000564,1740560400000,3,2,6658
019a0000-0000-7000-8000-000000000777,1740560400000,3,2,11645
019a0000-0000-7000-8000-000000000060,1740646800000,3,0,10743
019a0000-0000-7000-8000-000000000153,1740646800000,2,2,11181
019a0000-0000-7000-8000-000000000451,1740646800000,2,2,10592
019a0000-0000-7000-8000-000000000508,1740646800000,3,2,12606
019a0000-0000-7000-8000-000000000558,1740646800000,3,2,5064
019a0000-0000-7000-8000-000000000622,1740646800000,3,0,6796
019a0000-0000-7000-8000-000000000204,1740733200000,3,0,13249
019a0000-0000-7000-8000-000000000510,1740733200000,2,2,5983
019a0000-0000-7000-8000-000000000741,1740733200000,1,0,9608
019a0000-0000-7000-8000-000000000060,1740819600000,2,2,10102
019a0000-0000-7000-8000-000000000172,1740819600000,2,2,4243
019a0000-0000-7000-8000-000000000196,1740819600000,2,0,5877
019a0000-0000-7000-8000-000000000239,1740819600000,4,2,14055
019a0000-0000-7000-8000-000000000261,1740819600000,1,0,10724
019a0000-0000-7000-8000-000000000305,1740819600000,3,0,13745
019a0000-0000-7000-8000-000000000555,1740819600000,3,2,4661
019a0000-0000-7000-8000-000000000622,1740819600000,3,2,4571
019a0000-0000-7000-8000-000000000741,1740819600000,3,3,11914
019a0000-0000-7000-8000-000000000002,1740906000000,4,0,14083
019a0000-0000-7000-8000-000000000121,1740906000000,2,2,6736
019a0000-0000-7000-8000-000000000204,1740906000000,3,2,7441
019a0000-0000-7000-8000-000000000261,1740906000000,1,3,14230
019a0000-0000-7000-8000-000000000290,1740906000000,3,2,7960
019a0000-0000-7000-8000-000000000469,1740906000000,3,2,11350
019a0000-0000-7000-8000-000000000487,1740906000000,4,0,3431
019a0000-0000-7000-8000-000000000522,1740906000000,2,2,6173
019a0000-0000-7000-8000-000000000615,1740906000000,3,0,10566
019a0000-0000-7000-8000-000000000638,1740906000000,2,2,3044
019a0000-0000-7000-8000-000000000116,1740992400000,1,0,13822
019a0000-0000-7000-8000-000000000128,1740992400000,3,2,10014
019a0000-0000-7000-8000-000000000196,1740992400000,3,2,7948
019a0000-0000-7000-8000-000000000261,1740992400000,2,3,13035
019a0000-0000-7000-8000-000000000304,1740992400000,3,0,7841
019a0000-0000-7000-8000-000000000305,1740992400000,3,2,3064
019a0000-0000-7000-8000-000000000400,1740992400000,2,2,10527
019a0000-0000-7000-8000-000000000430,1740992400000,3,2,4854
019a0000-0000-7000-8000-000000000526,1740992400000,3,2,4615
019a0000-0000-7000-8000-000000000603,1740992400000,3,2,11626
019a0000-0000-7000-8000-000000000116,1741078800000,3,3,13278
019a0000-0000-7000-8000-000000000261,1741078800000,3,2,9359
019a0000-0000-7000-8000-000000000614,1741078800000,3,0,11344
019a0000-0000-7000-8000-000000000615,1741078800000,2,2,9825
019a0000-0000-7000-8000-000000000684,1741078800000,3,0,11935
019a0000-0000-7000-8000-000000000767,1741078800000,3,0,4676
019a0000-0000-7000-8000-000000000028,1741165200000,2,0,8149
019a0000-0000-7000-8000-000000000304,1741165200000,4,2,4616
019a0000-0000-7000-8000-000000000306,1741165200000,2,2,10351
019a0000-0000-7000-8000-000000000454,1741165200000,3,0,8434
019a0000-0000-7000-8000-000000000473,1741165200000,3,2,8437
019a0000-0000-7000-8000-000000000495,1741165200000,2,2,9985
019a0000-0000-7000-8000-000000000605,1741165200000,3,0,10909
019a0000-0000-7000-8000-000000000678,1741165200000,3,2,8660
019a0000-0000-7000-8000-000000000439,1741251600000,3,0,8488
019a0000-0000-7000-8000-000000000614,1741251600000,2,2,13542
019a0000-0000-7000-8000-000000000650,1741251600000,1,2,14604
019a0000-0000-7000-8000-000000000684,1741251600000,2,2,5985
019a0000-0000-7000-8000-000000000741,1741251600000,2,2,4584
019a0000-0000-7000-8000-000000000760,1741251600000,1,0,10758
019a0000-0000-7000-8000-000000000767,1741251600000,2,2,10762
019a0000-0000-7000-8000-000000000002,1741338000000,3,2,4728
019a0000-0000-7000-8000-000000000028,1741338000000,3,2,6548
019a0000-0000-7000-8000-000000000118,1741338000000,2,2,13079
019a0000-0000-7000-8000-000000000454,1741338000000,2,2,9242
019a0000-0000-7000-8000-000000000487,1741338000000,3,2,6350
019a0000-0000-7000-8000-000000000605,1741338000000,3,2,13383
019a0000-0000-7000-8000-000000000654,1741338000000,3,0,14947
019a0000-0000-7000-8000-000000000760,1741338000000,2,3,12896
019a0000-0000-7000-8000-000000000015,1741424400000,1,2,12597
019a0000-0000-7000-8000-000000000261,1741424400000,3,2,4240
019a0000-0000-7000-8000-000000000377,1741424400000,3,0,8053
019a0000-0000-7000-8000-000000000439,1741424400000,3,2,3407
019a0000-0000-7000-8000-000000000455,1741424400000,2,0,7946
019a0000-0000-7000-8000-000000000490,1741424400000,3,0,7830
019a0000-0000-7000-8000-000000000650,1741424400000,3,3,8240
019a0000-0000-7000-8000-000000000042,1741510800000,3,2,8629
019a0000-0000-7000-8000-000000000116,1741510800000,3,2,4172
019a0000-0000-7000-8000-000000000434,1741510800000,3,2,13594
019a0000-0000-7000-8000-000000000501,1741510800000,3,0,10846
019a0000-0000-7000-8000-000000000617,1741510800000,3,0,9264
019a0000-0000-7000-8000-000000000654,1741510800000,3,2,9955
019a0000-0000-7000-8000-000000000705,1741510800000,3,0,6548
019a0000-0000-7000-8000-000000000015,1741597200000,4,3,8792
019a0000-0000-7000-8000-000000000027,1741597200000,3,2,6850
019a0000-0000-7000-8000-000000000079,1741597200000,3,2,13280
019a0000-0000-7000-8000-000000000095,1741597200000,2,2,11561
019a0000-0000-7000-8000-000000000181,1741597200000,3,2,4742
019a0000-0000-7000-8000-000000000377,1741597200000,3,2,7308
019a0000-0000-7000-8000-000000000455,1741597200000,3,2,7701
019a0000-0000-7000-8000-000000000490,1741597200000,3,2,14534
019a0000-0000-7000-8000-000000000598,1741597200000,3,0,12022
019a0000-0000-7000-8000-000000000621,1741597200000,3,2,13101
019a0000-0000-7000-8000-000000000688,1741597200000,3,2,14242
019a0000-0000-7000-8000-000000000760,1741597200000,3,2,8801
019a0000-0000-7000-8000-000000000040,1741683600000,2,2,7846
019a0000-0000-7000-8000-000000000217,1741683600000,3,2,6444
019a0000-0000-7000-8000-000000000311,1741683600000,1,0,8348
019a0000-0000-7000-8000-000000000501,1741683600000,1,2,9892
019a0000-0000-7000-8000-000000000617,1741683600000,3,2,13399
019a0000-0000-7000-8000-000000000705,1741683600000,3,2,13410
019a0000-0000-7000-8000-000000000733,1741683600000,3,2,10195
019a0000-0000-7000-8000-000000000789,1741683600000,3,2,10538
019a0000-0000-7000-8000-000000000055,1741770000000,1,0,3886
019a0000-0000-7000-8000-000000000311,1741770000000,4,3,13624
019a0000-0000-7000-8000-000000000501,1741770000000,3,3,6001
019a0000-0000-7000-8000-000000000598,1741770000000,3,2,14930
019a0000-0000-7000-8000-000000000055,1741856400000,2,3,8021
019a0000-0000-7000-8000-000000000331,1741856400000,2,2,12223
019a0000-0000-7000-8000-000000000561,1741856400000,2,2,12739
019a0000-0000-7000-8000-000000000663,1741856400000,1,2,14001
019a0000-0000-7000-8000-000000000664,1741856400000,2,0,10427
019a0000-0000-7000-8000-000000000749,1741856400000,3,0,9041
019a0000-0000-7000-8000-000000000131,1741942800000,1,0,4653
019a0000-0000-7000-8000-000000000451,1741942800000,3,2,13043
019a0000-0000-7000-8000-000000000466,1741942800000,1,0,10433
019a0000-0000-7000-8000-000000000486,1741942800000,3,0,8167
019a0000-0000-7000-8000-000000000616,1741942800000,2,2,6440
019a0000-0000-7000-8000-000000000701,1741942800000,2,2,13542
019a0000-0000-7000-8000-000000000777,1741942800000,3,2,11674
019a0000-0000-7000-8000-000000000089,1742029200000,3,2,14170
019a0000-0000-7000-8000-000000000131,1742029200000,3,3,13318
019a0000-0000-7000-8000-000000000447,1742029200000,1,0,11248
019a0000-0000-7000-8000-000000000466,1742029200000,2,3,9905
019a0000-0000-7000-8000-000000000510,1742029200000,3,2,7051
019a0000-0000-7000-8000-000000000628,1742029200000,3,0,9678
019a0000-0000-7000-8000-000000000650,1742029200000,3,2,11860
019a0000-0000-7000-8000-000000000664,1742029200000,2,2,5803
019a0000-0000-7000-8000-000000000749,1742029200000,3,2,7419
019a0000-0000-7000-8000-000000000055,1742115600000,3,2,12924
019a0000-0000-7000-8000-000000000060,1742115600000,1,2,12833
019a0000-0000-7000-8000-000000000226,1742115600000,3,2,3495
019a0000-0000-7000-8000-000000000447,1742115600000,3,3,14539
019a0000-0000-7000-8000-000000000486,1742115600000,3,2,14193
019a0000-0000-7000-8000-000000000663,1742115600000,3,3,9841
019a0000-0000-7000-8000-000000000696,1742115600000,2,0,3468
019a0000-0000-7000-8000-000000000702,1742115600000,3,0,9147
019a0000-0000-7000-8000-000000000716,1742115600000,3,0,12055
019a0000-0000-7000-8000-000000000776,1742115600000,3,0,5557
019a0000-0000-7000-8000-000000000011,1742202000000,3,0,14436
019a0000-0000-7000-8000-000000000120,1742202000000,1,0,14105
019a0000-0000-7000-8000-000000000153,1742202000000,1,2,7685
019a0000-0000-7000-8000-000000000280,1742202000000,2,2,13352
019a0000-0000-7000-8000-000000000501,1742202000000,3,2,11766
019a0000-0000-7000-8000-000000000628,1742202000000,3,2,14594
019a0000-0000-7000-8000-000000000695,1742202000000,3,0,3800
019a0000-0000-7000-8000-000000000036,1742288400000,2,2,11909
019a0000-0000-7000-8000-000000000058,1742288400000,1,0,10061
019a0000-0000-7000-8000-000000000060,1742288400000,3,3,10791
019a0000-0000-7000-8000-000000000120,1742288400000,2,3,12480
019a0000-0000-7000-8000-000000000427,1742288400000,3,2,5403
019a0000-0000-7000-8000-000000000466,1742288400000,3,2,4055
019a0000-0000-7000-8000-000000000649,1742288400000,3,0,11891
019a0000-0000-7000-8000-000000000696,1742288400000,3,2,5848
019a0000-0000-7000-8000-000000000702,1742288400000,3,2,14909
019a0000-0000-7000-8000-000000000716,1742288400000,4,2,8229
019a0000-0000-7000-8000-000000000747,1742288400000,1,0,9940
019a0000-0000-7000-8000-000000000776,1742288400000,3,2,8220
019a0000-0000-7000-8000-000000000011,1742374800000,1,2,14868
019a0000-0000-7000-8000-000000000021,1742374800000,3,0,4468
019a0000-0000-7000-8000-000000000058,1742374800000,3,3,8647
019a0000-0000-7000-8000-000000000087,1742374800000,3,0,9603
019a0000-0000-7000-8000-000000000153,1742374800000,3,3,12838
019a0000-0000-7000-8000-000000000196,1742374800000,3,2,5218
019a0000-0000-7000-8000-000000000271,1742374800000,3,0,13985
019a0000-0000-7000-8000-000000000325,1742374800000,3,0,14509
019a0000-0000-7000-8000-000000000615,1742374800000,1,2,14617
019a0000-0000-7000-8000-000000000695,1742374800000,3,2,9040
019a0000-0000-7000-8000-000000000717,1742374800000,2,2,14691
019a0000-0000-7000-8000-000000000747,1742374800000,1,3,3962
019a0000-0000-7000-8000-000000000009,1742461200000,2,2,9493
019a0000-0000-7000-8000-000000000011,1742461200000,3,3,4474
019a0000-0000-7000-8000-000000000131,1742461200000,1,2,10666
019a0000-0000-7000-8000-000000000164,1742461200000,1,0,11270
019a0000-0000-7000-8000-000000000261,1742461200000,3,2,14855
019a0000-0000-7000-8000-000000000649,1742461200000,1,2,8349
019a0000-0000-7000-8000-000000000651,1742461200000,3,2,14450
019a0000-0000-7000-8000-000000000682,1742461200000,1,0,4244
019a0000-0000-7000-8000-000000000747,1742461200000,2,3,8456
019a0000-0000-7000-8000-000000000021,1742547600000,3,2,12777
019a0000-0000-7000-8000-000000000087,1742547600000,3,2,3425
019a0000-0000-7000-8000-000000000120,1742547600000,2,2,12458
019a0000-0000-7000-8000-000000000131,1742547600000,3,3,3902
019a0000-0000-7000-8000-000000000163,1742547600000,2,2,10200
019a0000-0000-7000-8000-000000000164,1742547600000,3,3,10357
019a0000-0000-7000-8000-000000000271,1742547600000,1,2,9783
019a0000-0000-7000-8000-000000000325,1742547600000,3,2,9252
019a0000-0000-7000-8000-000000000447,1742547600000,3,2,7044
019a0000-0000-7000-8000-000000000564,1742547600000,3,2,14624
019a0000-0000-7000-8000-000000000614,1742547600000,3,2,11673
019a0000-0000-7000-8000-000000000615,1742547600000,3,3,11956
019a0000-0000-7000-8000-000000000649,1742547600000,3,3,12504
019a0000-0000-7000-8000-000000000652,1742547600000,3,0,8733
019a0000-0000-7000-8000-000000000682,1742547600000,2,3,13708
019a0000-0000-7000-8000-000000000684,1742547600000,3,2,10208
019a0000-0000-7000-8000-000000000747,1742547600000,3,2,5114
019a0000-0000-7000-8000-000000000767,1742547600000,4,2,3696
019a0000-0000-7000-8000-000000000065,1742634000000,3,2,4526
019a0000-0000-7000-8000-000000000101,1742634000000,3,2,13165
019a0000-0000-7000-8000-000000000271,1742634000000,3,3,8657
019a0000-0000-7000-8000-000000000311,1742634000000,3,2,12226
019a0000-0000-7000-8000-000000000454,1742634000000,2,2,10862
019a0000-0000-7000-8000-000000000028,1742720400000,3,2,7495
019a0000-0000-7000-8000-000000000652,1742720400000,3,2,14331
019a0000-0000-7000-8000-000000000058,1742806800000,3,2,5781
019a0000-0000-7000-8000-000000000249,1742806800000,3,2,3961
019a0000-0000-7000-8000-000000000400,1742806800000,3,2,11932
019a0000-0000-7000-8000-000000000414,1742806800000,3,0,6328
019a0000-0000-7000-8000-000000000622,1742806800000,1,2,4808
019a0000-0000-7000-8000-000000000663,1742806800000,2,2,3155
019a0000-0000-7000-8000-000000000682,1742806800000,3,2,6586
019a0000-0000-7000-8000-000000000722,1742806800000,3,0,10713
019a0000-0000-7000-8000-000000000011,1742893200000,4,2,12247
019a0000-0000-7000-8000-000000000131,1742893200000,1,2,8927
019a0000-0000-7000-8000-000000000176,1742893200000,3,2,5348
019a0000-0000-7000-8000-000000000204,1742893200000,2,2,12149
019a0000-0000-7000-8000-000000000313,1742893200000,1,2,12787
019a0000-0000-7000-8000-000000000428,1742893200000,3,0,4759
019a0000-0000-7000-8000-000000000568,1742893200000,3,0,12615
019a0000-0000-7000-8000-000000000620,1742893200000,2,0,9438
019a0000-0000-7000-8000-000000000747,1742893200000,1,2,13962
019a0000-0000-7000-8000-000000000008,1742979600000,3,0,13659
019a0000-0000-7000-8000-000000000060,1742979600000,3,2,5775
019a0000-0000-7000-8000-000000000131,1742979600000,3,3,14503
019a0000-0000-7000-8000-000000000164,1742979600000,3,2,10923
019a0000-0000-7000-8000-000000000305,1742979600000,1,2,4863
019a0000-0000-7000-8000-000000000414,1742979600000,3,2,7539
019a0000-0000-7000-8000-000000000455,1742979600000,3,2,11347
019a0000-0000-7000-8000-000000000499,1742979600000,3,0,11129
019a0000-0000-7000-8000-000000000515,1742979600000,3,0,11553
019a0000-0000-7000-8000-000000000559,1742979600000,3,2,11484
019a0000-0000-7000-8000-000000000622,1742979600000,3,3,4957
019a0000-0000-7000-8000-000000000649,1742979600000,3,2,11642
019a0000-0000-7000-8000-000000000664,1742979600000,4,2,10362
019a0000-0000-7000-8000-000000000722,1742979600000,3,2,9224
019a0000-0000-7000-8000-000000000747,1742979600000,2,3,8196
019a0000-0000-7000-8000-000000000760,1742979600000,3,2,12737
019a0000-0000-7000-8000-000000000251,1743066000000,1,0,11616
019a0000-0000-7000-8000-000000000271,1743066000000,3,2,5191
019a0000-0000-7000-8000-000000000428,1743066000000,1,2,14538
019a0000-0000-7000-8000-000000000458,1743066000000,4,0,9844
019a0000-0000-7000-8000-000000000568,1743066000000,3,2,12006
019a0000-0000-7000-8000-000000000620,1743066000000,2,2,13358
019a0000-0000-7000-8000-000000000694,1743066000000,2,0,4489
019a0000-0000-7000-8000-000000000741,1743066000000,4,2,12234
019a0000-0000-7000-8000-000000000008,1743152400000,2,2,13834
019a0000-0000-7000-8000-000000000108,1743152400000,1,0,5719
019a0000-0000-7000-8000-000000000251,1743152400000,1,3,9817
019a0000-0000-7000-8000-000000000305,1743152400000,3,3,9473
019a0000-0000-7000-8000-000000000313,1743152400000,3,3,8365
019a0000-0000-7000-8000-000000000428,1743152400000,3,3,7604
019a0000-0000-7000-8000-000000000499,1743152400000,3,2,9240
019a0000-0000-7000-8000-000000000511,1743152400000,3,2,12602
019a0000-0000-7000-8000-000000000515,1743152400000,3,2,5417
019a0000-0000-7000-8000-000000000560,1743152400000,2,2,13986
019a0000-0000-7000-8000-000000000747,1743152400000,2,2,5491
019a0000-0000-7000-8000-000000000015,1743238800000,3,2,11741
019a0000-0000-7000-8000-000000000025,1743238800000,3,0,7753
019a0000-0000-7000-8000-000000000108,1743238800000,1,3,7362
019a0000-0000-7000-8000-000000000131,1743238800000,1,2,8424
019a0000-0000-7000-8000-000000000251,1743238800000,2,3,8194
019a0000-0000-7000-8000-000000000288,1743238800000,2,0,8500
019a0000-0000-7000-8000-000000000615,1743238800000,3,2,14034
019a0000-0000-7000-8000-000000000694,1743238800000,2,2,12059
019a0000-0000-7000-8000-000000000108,1743325200000,3,3,9081
019a0000-0000-7000-8000-000000000251,1743325200000,3,2,7518
019a0000-0000-7000-8000-000000000430,1743325200000,3,2,11102
019a0000-0000-7000-8000-000000000433,1743325200000,1,0,9655
019a0000-0000-7000-8000-000000000529,1743325200000,4,2,8736
019a0000-0000-7000-8000-000000000605,1743325200000,3,2,5629
019a0000-0000-7000-8000-000000000761,1743325200000,1,0,11561
019a0000-0000-7000-8000-000000000025,1743411600000,3,2,11664
019a0000-0000-7000-8000-000000000256,1743411600000,3,2,5373
019a0000-0000-7000-8000-000000000288,1743411600000,1,2,10184
019a0000-0000-7000-8000-000000000401,1743411600000,1,0,9190
019a0000-0000-7000-8000-000000000433,1743411600000,1,3,12806
019a0000-0000-7000-8000-000000000439,1743411600000,3,2,8816
019a0000-0000-7000-8000-000000000508,1743411600000,3,2,8834
019a0000-0000-7000-8000-000000000761,1743411600000,3,3,3811
019a0000-0000-7000-8000-000000000055,1743498000000,3,2,8783
019a0000-0000-7000-8000-000000000108,1743498000000,3,2,9157
019a0000-0000-7000-8000-000000000120,1743498000000,3,2,7439
019a0000-0000-7000-8000-000000000288,1743498000000,3,3,11102
019a0000-0000-7000-8000-000000000401,1743498000000,3,3,13488
019a0000-0000-7000-8000-000000000433,1743498000000,3,3,9464
019a0000-0000-7000-8000-000000000458,1743498000000,3,2,8686
019a0000-0000-7000-8000-000000000569,1743498000000,3,0,10311
019a0000-0000-7000-8000-000000000654,1743498000000,3,2,3642
019a0000-0000-7000-8000-000000000793,1743498000000,3,0,6471
019a0000-0000-7000-8000-000000000377,1743584400000,3,2,6752
019a0000-0000-7000-8000-000000000428,1743584400000,3,2,13573
019a0000-0000-7000-8000-000000000490,1743584400000,2,2,7076
019a0000-0000-7000-8000-000000000150,1743670800000,3,0,10801
019a0000-0000-7000-8000-000000000251,1743670800000,3,2,14934
019a0000-0000-7000-8000-000000000433,1743670800000,3,2,7358
019a0000-0000-7000-8000-000000000464,1743670800000,3,0,10763
019a0000-0000-7000-8000-000000000466,1743670800000,3,2,12464
019a0000-0000-7000-8000-000000000475,1743670800000,2,0,11325
019a0000-0000-7000-8000-000000000569,1743670800000,2,2,3218
019a0000-0000-7000-8000-000000000617,1743670800000,3,2,13216
019a0000-0000-7000-8000-000000000696,1743670800000,3,2,9212
019a0000-0000-7000-8000-000000000705,1743670800000,3,2,6202
019a0000-0000-7000-8000-000000000793,1743670800000,3,2,6724
019a0000-0000-7000-8000-000000000128,1743757200000,3,2,8558
019a0000-0000-7000-8000-000000000440,1743757200000,1,0,4379
019a0000-0000-7000-8000-000000000598,1743757200000,2,2,6563
019a0000-0000-7000-8000-000000000150,1743843600000,2,2,14320
019a0000-0000-7000-8000-000000000227,1743843600000,3,0,7131
019a0000-0000-7000-8000-000000000288,1743843600000,3,2,7200
019a0000-0000-7000-8000-000000000327,1743843600000,3,0,7363
019a0000-0000-7000-8000-000000000440,1743843600000,2,3,11596
019a0000-0000-7000-8000-000000000464,1743843600000,3,2,4763
019a0000-0000-7000-8000-000000000475,1743843600000,3,2,3475
019a0000-0000-7000-8000-000000000583,1743843600000,1,0,7556
019a0000-0000-7000-8000-000000000610,1743843600000,3,2,8729
019a0000-0000-7000-8000-000000000761,1743843600000,2,2,7347
019a0000-0000-7000-8000-000000000259,1743930000000,1,0,9336
019a0000-0000-7000-8000-000000000401,1743930000000,3,2,14497
019a0000-0000-7000-8000-000000000441,1743930000000,1,0,6476
019a0000-0000-7000-8000-000000000583,1743930000000,3,3,8234
019a0000-0000-7000-8000-000000000622,1743930000000,1,2,8217
019a0000-0000-7000-8000-000000000640,1743930000000,1,0,3824
019a0000-0000-7000-8000-000000000725,1743930000000,3,0,10247
019a0000-0000-7000-8000-000000000227,1744016400000,2,2,4607
019a0000-0000-7000-8000-000000000259,1744016400000,3,3,12931
019a0000-0000-7000-8000-000000000327,1744016400000,3,2,5440
019a0000-0000-7000-8000-000000000441,1744016400000,3,3,13117
019a0000-0000-7000-8000-000000000620,1744016400000,3,2,11702
019a0000-0000-7000-8000-000000000622,1744016400000,2,3,11378
019a0000-0000-7000-8000-000000000640,1744016400000,1,3,4510
019a0000-0000-7000-8000-000000000749,1744016400000,3,2,10525
019a0000-0000-7000-8000-000000000108,1744102800000,3,2,4375
019a0000-0000-7000-8000-000000000137,1744102800000,1,0,3425
019a0000-0000-7000-8000-000000000305,1744102800000,3,2,10917
019a0000-0000-7000-8000-000000000440,1744102800000,3,2,7120
019a0000-0000-7000-8000-000000000486,1744102800000,2,2,7391
019a0000-0000-7000-8000-000000000582,1744102800000,1,0,6580
019a0000-0000-7000-8000-000000000604,1744102800000,4,0,6586
019a0000-0000-7000-8000-000000000623,1744102800000,4,2,3835
019a0000-0000-7000-8000-000000000633,1744102800000,3,2,12731
019a0000-0000-7000-8000-000000000640,1744102800000,3,3,8425
019a0000-0000-7000-8000-000000000725,1744102800000,2,2,3588
019a0000-0000-7000-8000-000000000137,1744189200000,3,3,14479
019a0000-0000-7000-8000-000000000203,1744189200000,3,2,14670
019a0000-0000-7000-8000-000000000206,1744189200000,3,2,7006
019a0000-0000-7000-8000-000000000582,1744189200000,3,3,12817
019a0000-0000-7000-8000-000000000628,1744189200000,4,2,13299
019a0000-0000-7000-8000-000000000682,1744189200000,1,2,7138
019a0000-0000-7000-8000-000000000694,1744189200000,1,2,4343
019a0000-0000-7000-8000-000000000109,1744275600000,1,0,9597
019a0000-0000-7000-8000-000000000116,1744275600000,3,2,6433
019a0000-0000-7000-8000-000000000172,1744275600000,3,2,13136
019a0000-0000-7000-8000-000000000270,1744275600000,2,0,4734
019a0000-0000-7000-8000-000000000303,1744275600000,3,0,4659
019a0000-0000-7000-8000-000000000433,1744275600000,2,2,13334
019a0000-0000-7000-8000-000000000622,1744275600000,2,2,11846
019a0000-0000-7000-8000-000000000640,1744275600000,3,2,7316
019a0000-0000-7000-8000-000000000694,1744275600000,3,3,8732
019a0000-0000-7000-8000-000000000702,1744275600000,1,2,10779
019a0000-0000-7000-8000-000000000776,1744275600000,3,2,10581
019a0000-0000-7000-8000-000000000109,1744362000000,1,3,14677
019a0000-0000-7000-8000-000000000142,1744362000000,3,0,12193
019a0000-0000-7000-8000-000000000501,1744362000000,3,2,6497
019a0000-0000-7000-8000-000000000583,1744362000000,3,2,5895
019a0000-0000-7000-8000-000000000682,1744362000000,3,3,12237
019a0000-0000-7000-8000-000000000683,1744362000000,1,0,12752
019a0000-0000-7000-8000-000000000695,1744362000000,3,2,8255
019a0000-0000-7000-8000-000000000008,1744448400000,4,2,7388
019a0000-0000-7000-8000-000000000109,1744448400000,1,3,7769
019a0000-0000-7000-8000-000000000223,1744448400000,3,2,9563
019a0000-0000-7000-8000-000000000237,1744448400000,4,0,13567
019a0000-0000-7000-8000-000000000259,1744448400000,3,2,7996
019a0000-0000-7000-8000-000000000270,1744448400000,3,2,6507
019a0000-0000-7000-8000-000000000303,1744448400000,3,2,10091
019a0000-0000-7000-8000-000000000348,1744448400000,2,2,3306
019a0000-0000-7000-8000-000000000441,1744448400000,3,2,7866
019a0000-0000-7000-8000-000000000579,1744448400000,1,0,8922
019a0000-0000-7000-8000-000000000683,1744448400000,1,3,4512
019a0000-0000-7000-8000-000000000699,1744448400000,1,0,5647
019a0000-0000-7000-8000-000000000702,1744448400000,3,3,13277
019a0000-0000-7000-8000-000000000021,1744534800000,3,2,5155
019a0000-0000-7000-8000-000000000087,1744534800000,2,2,12478
019a0000-0000-7000-8000-000000000109,1744534800000,3,3,6875
019a0000-0000-7000-8000-000000000142,1744534800000,3,2,4761
019a0000-0000-7000-8000-000000000268,1744534800000,3,0,12287
019a0000-0000-7000-8000-000000000325,1744534800000,3,2,10445
019a0000-0000-7000-8000-000000000393,1744534800000,2,0,4336
019a0000-0000-7000-8000-000000000548,1744534800000,3,0,8260
019a0000-0000-7000-8000-000000000579,1744534800000,2,3,10295
019a0000-0000-7000-8000-000000000602,1744534800000,2,0,11423
019a0000-0000-7000-8000-000000000604,1744534800000,3,2,5042
019a0000-0000-7000-8000-000000000683,1744534800000,3,3,6401
019a0000-0000-7000-8000-000000000699,1744534800000,3,3,14902
019a0000-0000-7000-8000-000000000731,1744534800000,3,0,7580
019a0000-0000-7000-8000-000000000109,1744621200000,2,2,4454
019a0000-0000-7000-8000-000000000137,1744621200000,3,2,6741
019a0000-0000-7000-8000-000000000582,1744621200000,3,2,10526
019a0000-0000-7000-8000-000000000694,1744621200000,3,2,14052
019a0000-0000-7000-8000-000000000251,1744707600000,1,2,12362
019a0000-0000-7000-8000-000000000268,1744707600000,3,2,7706
019a0000-0000-7000-8000-000000000313,1744707600000,4,2,10098
019a0000-0000-7000-8000-000000000393,1744707600000,2,2,8541
019a0000-0000-7000-8000-000000000548,1744707600000,1,2,13996
019a0000-0000-7000-8000-000000000602,1744707600000,2,2,12834
019a0000-0000-7000-8000-000000000652,1744707600000,2,2,12175
019a0000-0000-7000-8000-000000000683,1744707600000,3,2,12024
019a0000-0000-7000-8000-000000000731,1744707600000,1,2,5898
019a0000-0000-7000-8000-000000000104,1744794000000,1,0,9909
019a0000-0000-7000-8000-000000000109,1744794000000,3,2,14110
019a0000-0000-7000-8000-000000000251,1744794000000,3,3,3229
019a0000-0000-7000-8000-000000000286,1744794000000,3,0,7153
019a0000-0000-7000-8000-000000000304,1744794000000,1,2,14203
019a0000-0000-7000-8000-000000000485,1744794000000,3,0,14064
019a0000-0000-7000-8000-000000000548,1744794000000,4,3,3792
019a0000-0000-7000-8000-000000000579,1744794000000,2,2,7847
019a0000-0000-7000-8000-000000000667,1744794000000,2,0,3976
019a0000-0000-7000-8000-000000000731,1744794000000,3,3,8217
019a0000-0000-7000-8000-000000000037,1744880400000,1,0,3083
019a0000-0000-7000-8000-000000000057,1744880400000,3,0,14206
019a0000-0000-7000-8000-000000000104,1744880400000,3,3,7205
019a0000-0000-7000-8000-000000000237,1744880400000,3,2,7715
019a0000-0000-7000-8000-000000000375,1744880400000,3,2,14979
019a0000-0000-7000-8000-000000000536,1744880400000,4,0,3751
019a0000-0000-7000-8000-000000000640,1744880400000,3,2,7239
019a0000-0000-7000-8000-000000000682,1744880400000,3,2,14241
019a0000-0000-7000-8000-000000000758,1744880400000,3,0,14791
019a0000-0000-7000-8000-000000000037,1744966800000,1,3,12164
019a0000-0000-7000-8000-000000000286,1744966800000,2,2,12631
019a0000-0000-7000-8000-000000000414,1744966800000,3,2,11139
019a0000-0000-7000-8000-000000000485,1744966800000,3,2,8839
019a0000-0000-7000-8000-000000000569,1744966800000,3,2,5045
019a0000-0000-7000-8000-000000000667,1744966800000,3,2,5663
019a0000-0000-7000-8000-000000000699,1744966800000,1,2,7678
019a0000-0000-7000-8000-000000000722,1744966800000,1,2,10352
019a0000-0000-7000-8000-000000000037,1745053200000,2,3,9921
019a0000-0000-7000-8000-000000000057,1745053200000,2,2,10884
019a0000-0000-7000-8000-000000000121,1745053200000,3,2,8061
019a0000-0000-7000-8000-000000000166,1745053200000,1,0,11436
019a0000-0000-7000-8000-000000000170,1745053200000,3,0,3984
019a0000-0000-7000-8000-000000000210,1745053200000,1,0,13500
019a0000-0000-7000-8000-000000000304,1745053200000,2,3,4139
019a0000-0000-7000-8000-000000000568,1745053200000,3,2,7585
019a0000-0000-7000-8000-000000000699,1745053200000,2,3,3467
019a0000-0000-7000-8000-000000000758,1745053200000,3,2,11167
019a0000-0000-7000-8000-000000000037,1745139600000,3,2,10539
019a0000-0000-7000-8000-000000000094,1745139600000,2,0,8946
019a0000-0000-7000-8000-000000000150,1745139600000,2,2,4149
019a0000-0000-7000-8000-000000000166,1745139600000,1,3,5856
019a0000-0000-7000-8000-000000000210,1745139600000,3,3,3750
019a0000-0000-7000-8000-000000000499,1745139600000,1,2,11996
019a0000-0000-7000-8000-000000000515,1745139600000,3,2,14624
019a0000-0000-7000-8000-000000000580,1745139600000,3,0,12159
019a0000-0000-7000-8000-000000000649,1745139600000,3,2,14347
019a0000-0000-7000-8000-000000000722,1745139600000,3,3,6078
019a0000-0000-7000-8000-000000000724,1745139600000,3,0,11880
019a0000-0000-7000-8000-000000000109,1745226000000,2,2,8541
019a0000-0000-7000-8000-000000000166,1745226000000,3,3,6357
019a0000-0000-7000-8000-000000000170,1745226000000,3,2,6923
019a0000-0000-7000-8000-000000000271,1745226000000,3,2,14979
019a0000-0000-7000-8000-000000000276,1745226000000,3,0,12026
019a0000-0000-7000-8000-000000000284,1745226000000,1,0,6674
019a0000-0000-7000-8000-000000000288,1745226000000,3,2,3166
019a0000-0000-7000-8000-000000000475,1745226000000,3,2,13793
019a0000-0000-7000-8000-000000000731,1745226000000,3,2,8454
019a0000-0000-7000-8000-000000000094,1745312400000,1,2,11225
019a0000-0000-7000-8000-000000000104,1745312400000,1,2,9933
019a0000-0000-7000-8000-000000000227,1745312400000,2,2,14491
019a0000-0000-7000-8000-000000000284,1745312400000,3,3,7093
019a0000-0000-7000-8000-000000000447,1745312400000,2,2,6513
019a0000-0000-7000-8000-000000000499,1745312400000,1,3,13428
019a0000-0000-7000-8000-000000000536,1745312400000,3,2,10338
019a0000-0000-7000-8000-000000000580,1745312400000,4,2,9331
019a0000-0000-7000-8000-000000000683,1745312400000,2,2,13644
019a0000-0000-7000-8000-000000000699,1745312400000,3,2,12651
019a0000-0000-7000-8000-000000000724,1745312400000,1,2,6811
019a0000-0000-7000-8000-000000000025,1745398800000,3,2,13408
019a0000-0000-7000-8000-000000000094,1745398800000,1,3,14928
019a0000-0000-7000-8000-000000000104,1745398800000,3,3,3238
019a0000-0000-7000-8000-000000000166,1745398800000,3,2,8999
019a0000-0000-7000-8000-000000000218,1745398800000,3,0,9137
019a0000-0000-7000-8000-000000000262,1745398800000,3,0,12659
019a0000-0000-7000-8000-000000000276,1745398800000,3,2,11931
019a0000-0000-7000-8000-000000000320,1745398800000,1,0,14376
019a0000-0000-7000-8000-000000000499,1745398800000,3,3,3616
019a0000-0000-7000-8000-000000000702,1745398800000,4,2,5163
019a0000-0000-7000-8000-000000000724,1745398800000,3,3,11175
019a0000-0000-7000-8000-000000000725,1745398800000,3,2,12807
019a0000-0000-7000-8000-000000000037,1745485200000,2,2,10030
019a0000-0000-7000-8000-000000000094,1745485200000,3,3,9751
019a0000-0000-7000-8000-000000000127,1745485200000,1,0,13810
019a0000-0000-7000-8000-000000000261,1745485200000,2,2,8763
019a0000-0000-7000-8000-000000000320,1745485200000,2,3,12593
019a0000-0000-7000-8000-000000000339,1745485200000,2,2,11865
019a0000-0000-7000-8000-000000000440,1745485200000,3,2,8318
019a0000-0000-7000-8000-000000000481,1745485200000,3,0,6029
019a0000-0000-7000-8000-000000000766,1745485200000,3,0,12741
019a0000-0000-7000-8000-000000000005,1745571600000,1,0,14094
019a0000-0000-7000-8000-000000000058,1745571600000,3,2,7080
019a0000-0000-7000-8000-000000000123,1745571600000,3,0,5253
019a0000-0000-7000-8000-000000000127,1745571600000,1,3,11570
019a0000-0000-7000-8000-000000000210,1745571600000,1,2,9425
019a0000-0000-7000-8000-000000000218,1745571600000,2,2,6098
019a0000-0000-7000-8000-000000000257,1745571600000,3,0,13711
019a0000-0000-7000-8000-000000000262,1745571600000,1,2,4586
019a0000-0000-7000-8000-000000000312,1745571600000,3,0,13158
019a0000-0000-7000-8000-000000000548,1745571600000,3,2,14937
019a0000-0000-7000-8000-000000000675,1745571600000,3,2,11721
019a0000-0000-7000-8000-000000000005,1745658000000,1,3,9070
019a0000-0000-7000-8000-000000000054,1745658000000,3,0,10123
019a0000-0000-7000-8000-000000000094,1745658000000,2,2,13312
019a0000-0000-7000-8000-000000000127,1745658000000,2,3,12583
019a0000-0000-7000-8000-000000000210,1745658000000,2,3,13347
019a0000-0000-7000-8000-000000000262,1745658000000,3,3,7407
019a0000-0000-7000-8000-000000000365,1745658000000,3,0,6451
019a0000-0000-7000-8000-000000000393,1745658000000,3,2,10576
019a0000-0000-7000-8000-000000000481,1745658000000,3,2,6504
019a0000-0000-7000-8000-000000000499,1745658000000,3,2,10031
019a0000-0000-7000-8000-000000000522,1745658000000,3,2,7308
019a0000-0000-7000-8000-000000000602,1745658000000,3,2,12132
019a0000-0000-7000-8000-000000000712,1745658000000,1,0,12677
019a0000-0000-7000-8000-000000000761,1745658000000,3,2,7371
019a0000-0000-7000-8000-000000000766,1745658000000,3,2,10818
019a0000-0000-7000-8000-000000000793,1745658000000,3,2,9162
019a0000-0000-7000-8000-000000000005,1745744400000,3,3,13354
019a0000-0000-7000-8000-000000000060,1745744400000,4,2,4857
019a0000-0000-7000-8000-000000000104,1745744400000,1,2,5253
019a0000-0000-7000-8000-000000000114,1745744400000,4,0,5571
019a0000-0000-7000-8000-000000000123,1745744400000,3,2,6100
019a0000-0000-7000-8000-000000000127,1745744400000,3,2,6786
019a0000-0000-7000-8000-000000000164,1745744400000,1,2,14948
019a0000-0000-7000-8000-000000000177,1745744400000,4,0,11276
019a0000-0000-7000-8000-000000000257,1745744400000,3,2,12082
019a0000-0000-7000-8000-000000000284,1745744400000,2,2,13575
019a0000-0000-7000-8000-000000000312,1745744400000,3,2,13352
019a0000-0000-7000-8000-000000000320,1745744400000,3,2,3922
019a0000-0000-7000-8000-000000000391,1745744400000,1,0,11564
019a0000-0000-7000-8000-000000000428,1745744400000,3,2,6071
019a0000-0000-7000-8000-000000000579,1745744400000,3,2,12498
019a0000-0000-7000-8000-000000000642,1745744400000,1,0,9148
019a0000-0000-7000-8000-000000000712,1745744400000,2,3,7868
019a0000-0000-7000-8000-000000000778,1745744400000,1,0,5868
019a0000-0000-7000-8000-000000000054,1745830800000,3,2,12838
019a0000-0000-7000-8000-000000000104,1745830800000,3,3,8221
019a0000-0000-7000-8000-000000000270,1745830800000,3,2,12221
019a0000-0000-7000-8000-000000000365,1745830800000,2,2,3491
019a0000-0000-7000-8000-000000000391,1745830800000,3,3,6633
019a0000-0000-7000-8000-000000000433,1745830800000,2,2,11054
019a0000-0000-7000-8000-000000000464,1745830800000,2,2,12424
019a0000-0000-7000-8000-000000000479,1745830800000,3,0,14655
019a0000-0000-7000-8000-000000000642,1745830800000,4,3,5815
019a0000-0000-7000-8000-000000000694,1745830800000,4,2,13822
019a0000-0000-7000-8000-000000000719,1745830800000,1,0,13486
019a0000-0000-7000-8000-000000000724,1745830800000,3,2,4242
019a0000-0000-7000-8000-000000000778,1745830800000,3,3,7215
019a0000-0000-7000-8000-000000000005,1745917200000,2,2,7546
019a0000-0000-7000-8000-000000000164,1745917200000,3,3,13342
019a0000-0000-7000-8000-000000000210,1745917200000,2,2,14075
019a0000-0000-7000-8000-000000000716,1745917200000,4,2,9216
019a0000-0000-7000-8000-000000000719,1745917200000,3,3,8853
019a0000-0000-7000-8000-000000000757,1745917200000,1,0,6953
019a0000-0000-7000-8000-000000000094,1746003600000,3,2,5042
019a0000-0000-7000-8000-000000000166,1746003600000,4,2,12990
019a0000-0000-7000-8000-000000000327,1746003600000,3,2,9788
019a0000-0000-7000-8000-000000000331,1746003600000,3,2,7402
019a0000-0000-7000-8000-000000000479,1746003600000,3,2,12512
019a0000-0000-7000-8000-000000000516,1746003600000,3,0,8726
019a0000-0000-7000-8000-000000000615,1746003600000,3,2,10130
019a0000-0000-7000-8000-000000000708,1746003600000,3,0,13264
019a0000-0000-7000-8000-000000000712,1746003600000,3,2,9300
019a0000-0000-7000-8000-000000000757,1746003600000,3,3,3056
019a0000-0000-7000-8000-000000000104,1746090000000,3,2,14609
019a0000-0000-7000-8000-000000000127,1746090000000,3,2,5403
019a0000-0000-7000-8000-000000000138,1746090000000,3,0,8483
019a0000-0000-7000-8000-000000000262,1746090000000,3,2,3833
019a0000-0000-7000-8000-000000000304,1746090000000,3,2,14835
019a0000-0000-7000-8000-000000000318,1746090000000,3,0,14928
019a0000-0000-7000-8000-000000000406,1746090000000,3,0,5590
019a0000-0000-7000-8000-000000000699,1746090000000,3,2,12215
019a0000-0000-7000-8000-000000000722,1746090000000,4,2,11271
019a0000-0000-7000-8000-000000000044,1746176400000,3,0,4225
019a0000-0000-7000-8000-000000000108,1746176400000,2,2,9828
019a0000-0000-7000-8000-000000000114,1746176400000,3,2,10961
019a0000-0000-7000-8000-000000000177,1746176400000,2,2,7288
019a0000-0000-7000-8000-000000000186,1746176400000,2,0,13404
019a0000-0000-7000-8000-000000000436,1746176400000,3,0,3826
019a0000-0000-7000-8000-000000000516,1746176400000,3,2,5899
019a0000-0000-7000-8000-000000000528,1746176400000,3,0,6050
019a0000-0000-7000-8000-000000000708,1746176400000,3,2,4483
019a0000-0000-7000-8000-000000000037,1746262800000,3,2,12584
019a0000-0000-7000-8000-000000000138,1746262800000,4,2,8769
019a0000-0000-7000-8000-000000000286,1746262800000,3,2,8632
019a0000-0000-7000-8000-000000000318,1746262800000,3,2,4455
019a0000-0000-7000-8000-000000000391,1746262800000,1,2,9327
019a0000-0000-7000-8000-000000000406,1746262800000,3,2,13005
019a0000-0000-7000-8000-000000000778,1746262800000,3,2,9662
019a0000-0000-7000-8000-000000000005,1746349200000,3,2,9121
019a0000-0000-7000-8000-000000000044,1746349200000,3,2,7875
019a0000-0000-7000-8000-000000000057,1746349200000,3,2,3738
019a0000-0000-7000-8000-000000000186,1746349200000,2,2,5500
019a0000-0000-7000-8000-000000000337,1746349200000,2,0,4635
019a0000-0000-7000-8000-000000000391,1746349200000,3,3,5018
019a0000-0000-7000-8000-000000000436,1746349200000,2,2,4591
019a0000-0000-7000-8000-000000000518,1746349200000,4,0,8802
019a0000-0000-7000-8000-000000000526,1746349200000,3,2,6414
019a0000-0000-7000-8000-000000000528,1746349200000,3,2,3552
019a0000-0000-7000-8000-000000000667,1746349200000,3,2,14081
019a0000-0000-7000-8000-000000000719,1746349200000,3,2,8262
019a0000-0000-7000-8000-000000000136,1746435600000,3,0,5000
019a0000-0000-7000-8000-000000000303,1746435600000,3,2,6501
019a0000-0000-7000-8000-000000000542,1746435600000,3,0,13688
019a0000-0000-7000-8000-000000000648,1746435600000,2,0,9077
019a0000-0000-7000-8000-000000000682,1746435600000,3,2,6675
019a0000-0000-7000-8000-000000000707,1746435600000,4,0,3683
019a0000-0000-7000-8000-000000000757,1746435600000,3,2,3129
019a0000-0000-7000-8000-000000000006,1746522000000,3,0,9123
019a0000-0000-7000-8000-000000000142,1746522000000,3,2,7007
019a0000-0000-7000-8000-000000000210,1746522000000,2,2,6895
019a0000-0000-7000-8000-000000000211,1746522000000,3,2,12603
019a0000-0000-7000-8000-000000000337,1746522000000,3,2,12596
019a0000-0000-7000-8000-000000000385,1746522000000,1,2,5370
019a0000-0000-7000-8000-000000000499,1746522000000,2,2,4556
019a0000-0000-7000-8000-000000000544,1746522000000,4,0,9552
019a0000-0000-7000-8000-000000000011,1746608400000,2,2,8819
019a0000-0000-7000-8000-000000000062,1746608400000,1,0,5148
019a0000-0000-7000-8000-000000000098,1746608400000,3,0,3849
019a0000-0000-7000-8000-000000000136,1746608400000,2,2,7108
019a0000-0000-7000-8000-000000000164,1746608400000,3,2,13142
019a0000-0000-7000-8000-000000000167,1746608400000,3,0,14177
019a0000-0000-7000-8000-000000000542,1746608400000,3,2,6313
019a0000-0000-7000-8000-000000000648,1746608400000,2,2,6467
019a0000-0000-7000-8000-000000000002,1746694800000,3,2,9078
019a0000-0000-7000-8000-000000000006,1746694800000,1,2,10149
019a0000-0000-7000-8000-000000000062,1746694800000,1,3,13759
019a0000-0000-7000-8000-000000000072,1746694800000,1,0,14568
019a0000-0000-7000-8000-000000000241,1746694800000,3,0,13541
019a0000-0000-7000-8000-000000000268,1746694800000,2,2,8483
019a0000-0000-7000-8000-000000000359,1746694800000,3,0,5424
019a0000-0000-7000-8000-000000000391,1746694800000,3,2,9534
019a0000-0000-7000-8000-000000000401,1746694800000,3,2,13157
019a0000-0000-7000-8000-000000000407,1746694800000,3,0,12801
019a0000-0000-7000-8000-000000000487,1746694800000,3,2,5102
019a0000-0000-7000-8000-000000000642,1746694800000,3,2,10760
019a0000-0000-7000-8000-000000000735,1746694800000,1,0,12917
019a0000-0000-7000-8000-000000000006,1746781200000,3,3,12151
019a0000-0000-7000-8000-000000000026,1746781200000,3,0,9482
019a0000-0000-7000-8000-000000000062,1746781200000,1,3,12590
019a0000-0000-7000-8000-000000000072,1746781200000,3,3,14350
019a0000-0000-7000-8000-000000000098,1746781200000,3,2,14596
019a0000-0000-7000-8000-000000000147,1746781200000,1,2,6181
019a0000-0000-7000-8000-000000000167,1746781200000,3,2,13848
019a0000-0000-7000-8000-000000000385,1746781200000,3,3,7614
019a0000-0000-7000-8000-000000000507,1746781200000,3,0,11019
019a0000-0000-7000-8000-000000000518,1746781200000,2,2,11364
019a0000-0000-7000-8000-000000000735,1746781200000,3,3,10217
019a0000-0000-7000-8000-000000000062,1746867600000,1,3,5252
019a0000-0000-7000-8000-000000000094,1746867600000,3,2,10189
019a0000-0000-7000-8000-000000000218,1746867600000,3,2,10272
019a0000-0000-7000-8000-000000000241,1746867600000,3,2,8883
019a0000-0000-7000-8000-000000000359,1746867600000,3,2,3125
019a0000-0000-7000-8000-000000000407,1746867600000,3,2,9899
019a0000-0000-7000-8000-000000000683,1746867600000,3,2,11581
019a0000-0000-7000-8000-000000000703,1746867600000,1,0,8053
019a0000-0000-7000-8000-000000000707,1746867600000,2,2,11947
019a0000-0000-7000-8000-000000000785,1746867600000,3,0,13051
019a0000-0000-7000-8000-000000000026,1746954000000,3,2,10773
019a0000-0000-7000-8000-000000000062,1746954000000,3,3,4142
019a0000-0000-7000-8000-000000000120,1746954000000,3,2,11690
019a0000-0000-7000-8000-000000000308,1746954000000,3,0,9481
019a0000-0000-7000-8000-000000000485,1746954000000,2,2,4107
019a0000-0000-7000-8000-000000000507,1746954000000,3,2,9369
019a0000-0000-7000-8000-000000000544,1746954000000,3,2,10855
019a0000-0000-7000-8000-000000000640,1746954000000,3,2,9055
019a0000-0000-7000-8000-000000000703,1746954000000,3,3,4420
019a0000-0000-7000-8000-000000000062,1747040400000,4,2,9091
019a0000-0000-7000-8000-000000000106,1747040400000,3,0,10668
019a0000-0000-7000-8000-000000000147,1747040400000,2,3,4882
019a0000-0000-7000-8000-000000000662,1747040400000,2,0,4864
019a0000-0000-7000-8000-000000000758,1747040400000,3,2,11165
019a0000-0000-7000-8000-000000000785,1747040400000,3,2,14496
019a0000-0000-7000-8000-000000000127,1747126800000,2,2,12954
019a0000-0000-7000-8000-000000000308,1747126800000,2,2,3668
019a0000-0000-7000-8000-000000000320,1747126800000,3,2,8359
019a0000-0000-7000-8000-000000000365,1747126800000,3,2,7204
019a0000-0000-7000-8000-000000000583,1747126800000,2,2,14592
019a0000-0000-7000-8000-000000000613,1747126800000,1,0,12650
019a0000-0000-7000-8000-000000000789,1747126800000,1,2,10705
019a0000-0000-7000-8000-000000000006,1747213200000,3,2,4803
019a0000-0000-7000-8000-000000000072,1747213200000,3,2,3495
019a0000-0000-7000-8000-000000000106,1747213200000,3,2,5584
019a0000-0000-7000-8000-000000000170,1747213200000,3,2,4876
019a0000-0000-7000-8000-000000000259,1747213200000,2,2,4016
019a0000-0000-7000-8000-000000000282,1747213200000,3,0,3180
019a0000-0000-7000-8000-000000000404,1747213200000,4,0,7963
019a0000-0000-7000-8000-000000000441,1747213200000,3,2,11058
019a0000-0000-7000-8000-000000000546,1747213200000,2,2,11166
019a0000-0000-7000-8000-000000000613,1747213200000,1,3,10746
019a0000-0000-7000-8000-000000000643,1747213200000,3,0,9543
019a0000-0000-7000-8000-000000000662,1747213200000,3,2,10249
019a0000-0000-7000-8000-000000000735,1747213200000,3,2,7727
019a0000-0000-7000-8000-000000000062,1747299600000,3,2,4452
019a0000-0000-7000-8000-000000000186,1747299600000,1,2,4446
019a0000-0000-7000-8000-000000000453,1747299600000,3,0,5769
019a0000-0000-7000-8000-000000000530,1747299600000,2,2,3688
019a0000-0000-7000-8000-000000000613,1747299600000,1,3,7153
019a0000-0000-7000-8000-000000000653,1747299600000,3,0,3274
019a0000-0000-7000-8000-000000000678,1747299600000,3,2,3993
019a0000-0000-7000-8000-000000000137,1747386000000,3,2,7693
019a0000-0000-7000-8000-000000000186,1747386000000,1,3,7551
019a0000-0000-7000-8000-000000000274,1747386000000,3,0,13900
019a0000-0000-7000-8000-000000000276,1747386000000,1,2,8282
019a0000-0000-7000-8000-000000000282,1747386000000,3,2,4404
019a0000-0000-7000-8000-000000000582,1747386000000,3,2,4890
019a0000-0000-7000-8000-000000000613,1747386000000,1,3,11676
019a0000-0000-7000-8000-000000000643,1747386000000,3,2,5566
019a0000-0000-7000-8000-000000000646,1747386000000,3,0,8002
019a0000-0000-7000-8000-000000000703,1747386000000,3,2,3675
019a0000-0000-7000-8000-000000000712,1747386000000,3,2,13411
019a0000-0000-7000-8000-000000000731,1747386000000,2,2,11079
019a0000-0000-7000-8000-000000000789,1747386000000,2,3,4687
019a0000-0000-7000-8000-000000000178,1747472400000,2,2,4961
019a0000-0000-7000-8000-000000000186,1747472400000,3,3,4869
019a0000-0000-7000-8000-000000000323,1747472400000,3,0,7196
019a0000-0000-7000-8000-000000000453,1747472400000,3,2,11394
019a0000-0000-7000-8000-000000000613,1747472400000,2,3,14867
019a0000-0000-7000-8000-000000000638,1747472400000,3,2,4327
019a0000-0000-7000-8000-000000000653,1747472400000,1,2,14257
019a0000-0000-7000-8000-000000000783,1747472400000,3,0,4230
019a0000-0000-7000-8000-000000000240,1747558800000,2,0,4933
019a0000-0000-7000-8000-000000000274,1747558800000,3,2,4442
019a0000-0000-7000-8000-000000000276,1747558800000,3,3,12575
019a0000-0000-7000-8000-000000000284,1747558800000,3,2,9175
019a0000-0000-7000-8000-000000000402,1747558800000,3,2,4961
019a0000-0000-7000-8000-000000000613,1747558800000,2,2,13820
019a0000-0000-7000-8000-000000000646,1747558800000,3,2,8424
019a0000-0000-7000-8000-000000000648,1747558800000,2,2,8912
019a0000-0000-7000-8000-000000000653,1747558800000,2,3,3753
019a0000-0000-7000-8000-000000000792,1747558800000,3,0,3553
019a0000-0000-7000-8000-000000000186,1747645200000,3,2,8568
019a0000-0000-7000-8000-000000000323,1747645200000,3,2,13367
019a0000-0000-7000-8000-000000000385,1747645200000,3,2,11779
019a0000-0000-7000-8000-000000000404,1747645200000,3,2,12498
019a0000-0000-7000-8000-000000000409,1747645200000,1,0,9185
019a0000-0000-7000-8000-000000000436,1747645200000,3,2,7173
019a0000-0000-7000-8000-000000000467,1747645200000,3,2,3299
019a0000-0000-7000-8000-000000000481,1747645200000,3,2,6129
019a0000-0000-7000-8000-000000000613,1747645200000,1,2,10576
019a0000-0000-7000-8000-000000000766,1747645200000,3,2,14120
019a0000-0000-7000-8000-000000000783,1747645200000,3,2,6602
019a0000-0000-7000-8000-000000000005,1747731600000,2,2,13959
019a0000-0000-7000-8000-000000000123,1747731600000,3,2,12748
019a0000-0000-7000-8000-000000000147,1747731600000,3,2,11687
019a0000-0000-7000-8000-000000000161,1747731600000,1,2,7936
019a0000-0000-7000-8000-000000000210,1747731600000,3,2,13662
019a0000-0000-7000-8000-000000000235,1747731600000,3,0,6856
019a0000-0000-7000-8000-000000000240,1747731600000,3,2,3929
019a0000-0000-7000-8000-000000000257,1747731600000,1,2,4408
019a0000-0000-7000-8000-000000000312,1747731600000,3,2,9922
019a0000-0000-7000-8000-000000000409,1747731600000,3,3,5886
019a0000-0000-7000-8000-000000000429,1747731600000,3,0,13646
019a0000-0000-7000-8000-000000000563,1747731600000,3,0,8424
019a0000-0000-7000-8000-000000000792,1747731600000,3,2,11336
019a0000-0000-7000-8000-000000000054,1747818000000,2,2,11599
019a0000-0000-7000-8000-000000000174,1747818000000,3,0,8801
019a0000-0000-7000-8000-000000000653,1747818000000,2,2,4404
019a0000-0000-7000-8000-000000000739,1747818000000,3,0,9336
019a0000-0000-7000-8000-000000000088,1747904400000,3,0,5475
019a0000-0000-7000-8000-000000000111,1747904400000,4,0,9854
019a0000-0000-7000-8000-000000000136,1747904400000,3,2,7874
019a0000-0000-7000-8000-000000000235,1747904400000,3,2,10662
019a0000-0000-7000-8000-000000000257,1747904400000,1,3,11201
019a0000-0000-7000-8000-000000000267,1747904400000,3,0,6775
019a0000-0000-7000-8000-000000000281,1747904400000,1,0,12736
019a0000-0000-7000-8000-000000000302,1747904400000,2,0,13570
019a0000-0000-7000-8000-000000000337,1747904400000,3,2,11874
019a0000-0000-7000-8000-000000000391,1747904400000,3,2,14576
019a0000-0000-7000-8000-000000000429,1747904400000,3,2,13151
019a0000-0000-7000-8000-000000000563,1747904400000,1,2,8012
019a0000-0000-7000-8000-000000000174,1747990800000,3,2,10720
019a0000-0000-7000-8000-000000000257,1747990800000,3,3,6222
019a0000-0000-7000-8000-000000000281,1747990800000,3,3,3082
019a0000-0000-7000-8000-000000000334,1747990800000,3,0,5353
019a0000-0000-7000-8000-000000000479,1747990800000,3,2,8471
019a0000-0000-7000-8000-000000000561,1747990800000,2,2,11779
019a0000-0000-7000-8000-000000000563,1747990800000,3,3,5502
019a0000-0000-7000-8000-000000000724,1747990800000,3,2,7340
019a0000-0000-7000-8000-000000000739,1747990800000,2,2,8624
019a0000-0000-7000-8000-000000000797,1747990800000,3,0,3415
019a0000-0000-7000-8000-000000000088,1748077200000,4,2,11103
019a0000-0000-7000-8000-000000000148,1748077200000,2,0,11932
019a0000-0000-7000-8000-000000000161,1748077200000,3,3,3857
019a0000-0000-7000-8000-000000000186,1748077200000,3,2,7353
019a0000-0000-7000-8000-000000000267,1748077200000,3,2,11641
019a0000-0000-7000-8000-000000000302,1748077200000,4,2,3131
019a0000-0000-7000-8000-000000000419,1748077200000,3,0,13833
019a0000-0000-7000-8000-000000000471,1748077200000,1,0,9417
019a0000-0000-7000-8000-000000000523,1748077200000,3,0,5510
019a0000-0000-7000-8000-000000000634,1748077200000,3,0,9394
019a0000-0000-7000-8000-000000000334,1748163600000,3,2,6368
019a0000-0000-7000-8000-000000000367,1748163600000,1,0,13655
019a0000-0000-7000-8000-000000000409,1748163600000,3,2,3605
019a0000-0000-7000-8000-000000000471,1748163600000,3,3,5190
019a0000-0000-7000-8000-000000000474,1748163600000,1,0,10059
019a0000-0000-7000-8000-000000000516,1748163600000,3,2,6812
019a0000-0000-7000-8000-000000000708,1748163600000,4,2,6139
019a0000-0000-7000-8000-000000000733,1748163600000,3,2,6040
019a0000-0000-7000-8000-000000000797,1748163600000,2,2,14358
019a0000-0000-7000-8000-000000000148,1748250000000,3,2,5739
019a0000-0000-7000-8000-000000000160,1748250000000,1,0,8329
019a0000-0000-7000-8000-000000000257,1748250000000,3,2,8737
019a0000-0000-7000-8000-000000000262,1748250000000,3,2,6359
019a0000-0000-7000-8000-000000000318,1748250000000,1,2,3117
019a0000-0000-7000-8000-000000000367,1748250000000,3,3,7280
019a0000-0000-7000-8000-000000000406,1748250000000,3,2,3495
019a0000-0000-7000-8000-000000000419,1748250000000,1,2,9776
019a0000-0000-7000-8000-000000000474,1748250000000,4,3,7974
019a0000-0000-7000-8000-000000000523,1748250000000,3,2,11726
019a0000-0000-7000-8000-000000000634,1748250000000,1,2,11817
019a0000-0000-7000-8000-000000000037,1748336400000,2,2,14702
019a0000-0000-7000-8000-000000000044,1748336400000,3,2,9926
019a0000-0000-7000-8000-000000000111,1748336400000,3,2,13277
019a0000-0000-7000-8000-000000000160,1748336400000,3,3,8496
019a0000-0000-7000-8000-000000000195,1748336400000,3,0,3297
019a0000-0000-7000-8000-000000000350,1748336400000,3,0,10873
019a0000-0000-7000-8000-000000000387,1748336400000,2,0,5082
019a0000-0000-7000-8000-000000000419,1748336400000,2,3,12585
019a0000-0000-7000-8000-000000000528,1748336400000,3,2,6380
019a0000-0000-7000-8000-000000000634,1748336400000,3,3,9329
019a0000-0000-7000-8000-000000000078,1748422800000,4,0,3365
019a0000-0000-7000-8000-000000000085,1748422800000,3,0,3393
019a0000-0000-7000-8000-000000000246,1748422800000,1,0,9259
019a0000-0000-7000-8000-000000000281,1748422800000,3,2,9467
019a0000-0000-7000-8000-000000000308,1748422800000,2,2,7322
019a0000-0000-7000-8000-000000000318,1748422800000,3,3,8218
019a0000-0000-7000-8000-000000000563,1748422800000,3,2,11770
019a0000-0000-7000-8000-000000000699,1748422800000,3,2,12588
019a0000-0000-7000-8000-000000000195,1748509200000,3,2,13930
019a0000-0000-7000-8000-000000000246,1748509200000,2,3,3116
019a0000-0000-7000-8000-000000000276,1748509200000,2,2,4712
019a0000-0000-7000-8000-000000000350,1748509200000,2,2,3318
019a0000-0000-7000-8000-000000000387,1748509200000,1,2,12837
019a0000-0000-7000-8000-000000000608,1748509200000,3,0,4505
019a0000-0000-7000-8000-000000000679,1748509200000,3,0,6641
019a0000-0000-7000-8000-000000000085,1748595600000,3,2,7447
019a0000-0000-7000-8000-000000000387,1748595600000,3,3,6720
019a0000-0000-7000-8000-000000000394,1748595600000,3,0,9063
019a0000-0000-7000-8000-000000000419,1748595600000,3,2,13758
019a0000-0000-7000-8000-000000000471,1748595600000,2,2,3465
019a0000-0000-7000-8000-000000000535,1748595600000,1,0,5815
019a0000-0000-7000-8000-000000000542,1748595600000,2,2,14139
019a0000-0000-7000-8000-000000000653,1748595600000,3,2,3666
019a0000-0000-7000-8000-000000000662,1748595600000,3,2,8572
019a0000-0000-7000-8000-000000000784,1748595600000,3,0,11673
019a0000-0000-7000-8000-000000000305,1748682000000,3,2,7304
019a0000-0000-7000-8000-000000000311,1748682000000,3,2,6679
019a0000-0000-7000-8000-000000000367,1748682000000,1,2,8616
019a0000-0000-7000-8000-000000000468,1748682000000,3,0,7845
019a0000-0000-7000-8000-000000000535,1748682000000,2,3,7111
019a0000-0000-7000-8000-000000000608,1748682000000,3,2,11972
019a0000-0000-7000-8000-000000000657,1748682000000,2,0,12757
019a0000-0000-7000-8000-000000000679,1748682000000,3,2,3625
019a0000-0000-7000-8000-000000000098,1748768400000,2,2,12104
019a0000-0000-7000-8000-000000000160,1748768400000,3,2,14855
019a0000-0000-7000-8000-000000000167,1748768400000,3,2,12223
019a0000-0000-7000-8000-000000000246,1748768400000,2,2,12240
019a0000-0000-7000-8000-000000000367,1748768400000,1,3,14096
019a0000-0000-7000-8000-000000000394,1748768400000,3,2,8204
019a0000-0000-7000-8000-000000000454,1748768400000,3,2,7010
019a0000-0000-7000-8000-000000000634,1748768400000,2,2,11693
019a0000-0000-7000-8000-000000000645,1748768400000,1,0,9497
019a0000-0000-7000-8000-000000000718,1748768400000,3,0,4474
019a0000-0000-7000-8000-000000000784,1748768400000,2,2,9264
019a0000-0000-7000-8000-000000000078,1748854800000,2,2,5614
019a0000-0000-7000-8000-000000000241,1748854800000,2,2,4278
019a0000-0000-7000-8000-000000000359,1748854800000,1,2,4012
019a0000-0000-7000-8000-000000000367,1748854800000,3,3,6928
019a0000-0000-7000-8000-000000000381,1748854800000,3,0,4141
019a0000-0000-7000-8000-000000000407,1748854800000,3,2,13545
019a0000-0000-7000-8000-000000000458,1748854800000,1,2,9690
019a0000-0000-7000-8000-000000000468,1748854800000,3,2,5841
019a0000-0000-7000-8000-000000000477,1748854800000,1,0,9752
019a0000-0000-7000-8000-000000000488,1748854800000,1,0,7510
019a0000-0000-7000-8000-000000000645,1748854800000,2,3,7058
019a0000-0000-7000-8000-000000000657,1748854800000,2,2,6440
019a0000-0000-7000-8000-000000000026,1748941200000,3,2,11051
019a0000-0000-7000-8000-000000000119,1748941200000,3,0,14282
019a0000-0000-7000-8000-000000000164,1748941200000,2,2,6141
019a0000-0000-7000-8000-000000000387,1748941200000,1,2,13725
019a0000-0000-7000-8000-000000000477,1748941200000,1,3,8447
019a0000-0000-7000-8000-000000000488,1748941200000,1,3,9243
019a0000-0000-7000-8000-000000000507,1748941200000,3,2,9828
019a0000-0000-7000-8000-000000000535,1748941200000,2,2,11783
019a0000-0000-7000-8000-000000000580,1748941200000,2,2,13724
019a0000-0000-7000-8000-000000000718,1748941200000,1,2,13408
019a0000-0000-7000-8000-000000000080,1749027600000,3,0,6050
019a0000-0000-7000-8000-000000000353,1749027600000,2,0,11188
019a0000-0000-7000-8000-000000000356,1749027600000,1,0,9592
019a0000-0000-7000-8000-000000000359,1749027600000,3,3,3135
019a0000-0000-7000-8000-000000000367,1749027600000,2,2,13023
019a0000-0000-7000-8000-000000000381,1749027600000,2,2,5544
019a0000-0000-7000-8000-000000000387,1749027600000,1,3,6769
019a0000-0000-7000-8000-000000000433,1749027600000,3,2,6368
019a0000-0000-7000-8000-000000000477,1749027600000,1,3,9114
019a0000-0000-7000-8000-000000000488,1749027600000,3,3,10758
019a0000-0000-7000-8000-000000000718,1749027600000,3,3,3919
019a0000-0000-7000-8000-000000000760,1749027600000,3,2,13927
019a0000-0000-7000-8000-000000000778,1749027600000,3,2,12260
019a0000-0000-7000-8000-000000000785,1749027600000,3,2,11088
019a0000-0000-7000-8000-000000000082,1749114000000,3,0,11181
019a0000-0000-7000-8000-000000000119,1749114000000,3,2,6457
019a0000-0000-7000-8000-000000000135,1749114000000,3,0,11944
019a0000-0000-7000-8000-000000000240,1749114000000,1,2,9492
019a0000-0000-7000-8000-000000000257,1749114000000,3,2,7669
019a0000-0000-7000-8000-000000000356,1749114000000,3,3,11780
019a0000-0000-7000-8000-000000000387,1749114000000,1,3,9905
019a0000-0000-7000-8000-000000000458,1749114000000,3,3,10425
019a0000-0000-7000-8000-000000000474,1749114000000,1,2,6335
019a0000-0000-7000-8000-000000000477,1749114000000,3,3,10428
019a0000-0000-7000-8000-000000000620,1749114000000,2,2,4411
019a0000-0000-7000-8000-000000000627,1749114000000,3,0,12082
019a0000-0000-7000-8000-000000000645,1749114000000,3,2,6578
019a0000-0000-7000-8000-000000000719,1749114000000,3,2,12835
019a0000-0000-7000-8000-000000000080,1749200400000,3,2,13261
019a0000-0000-7000-8000-000000000106,1749200400000,3,2,7109
019a0000-0000-7000-8000-000000000234,1749200400000,3,0,8527
019a0000-0000-7000-8000-000000000353,1749200400000,3,2,9532
019a0000-0000-7000-8000-000000000387,1749200400000,3,3,11660
019a0000-0000-7000-8000-000000000449,1749200400000,3,0,8404
019a0000-0000-7000-8000-000000000474,1749200400000,3,3,5295
019a0000-0000-7000-8000-000000000477,1749200400000,3,2,4798
019a0000-0000-7000-8000-000000000488,1749200400000,3,2,7995
019a0000-0000-7000-8000-000000000502,1749200400000,3,0,9187
019a0000-0000-7000-8000-000000000579,1749200400000,3,2,4466
019a0000-0000-7000-8000-000000000734,1749200400000,3,0,8057
019a0000-0000-7000-8000-000000000757,1749200400000,3,2,9697
019a0000-0000-7000-8000-000000000082,1749286800000,3,2,11507
019a0000-0000-7000-8000-000000000135,1749286800000,3,2,5979
019a0000-0000-7000-8000-000000000228,1749286800000,3,0,14047
019a0000-0000-7000-8000-000000000240,1749286800000,3,3,10362
019a0000-0000-7000-8000-000000000627,1749286800000,3,2,7596
019a0000-0000-7000-8000-000000000666,1749286800000,1,0,4331
019a0000-0000-7000-8000-000000000739,1749286800000,1,2,12212
019a0000-0000-7000-8000-000000000006,1749373200000,3,2,9854
019a0000-0000-7000-8000-000000000127,1749373200000,2,2,4805
019a0000-0000-7000-8000-000000000166,1749373200000,3,2,7474
019a0000-0000-7000-8000-000000000182,1749373200000,4,2,10317
019a0000-0000-7000-8000-000000000234,1749373200000,2,2,13629
019a0000-0000-7000-8000-000000000282,1749373200000,3,2,8452
019a0000-0000-7000-8000-000000000318,1749373200000,4,2,14611
019a0000-0000-7000-8000-000000000361,1749373200000,3,0,10565
019a0000-0000-7000-8000-000000000367,1749373200000,3,2,14801
019a0000-0000-7000-8000-000000000449,1749373200000,4,2,3340
019a0000-0000-7000-8000-000000000462,1749373200000,3,2,4635
019a0000-0000-7000-8000-000000000502,1749373200000,2,2,9322
019a0000-0000-7000-8000-000000000576,1749373200000,3,0,10906
019a0000-0000-7000-8000-000000000643,1749373200000,3,2,9482
019a0000-0000-7000-8000-000000000666,1749373200000,3,3,9060
019a0000-0000-7000-8000-000000000734,1749373200000,3,2,11320
019a0000-0000-7000-8000-000000000161,1749459600000,3,2,7077
019a0000-0000-7000-8000-000000000228,1749459600000,3,2,6703
019a0000-0000-7000-8000-000000000317,1749459600000,1,0,9931
019a0000-0000-7000-8000-000000000453,1749459600000,4,2,12651
019a0000-0000-7000-8000-000000000477,1749459600000,3,2,5887
019a0000-0000-7000-8000-000000000718,1749459600000,3,2,9377
019a0000-0000-7000-8000-000000000739,1749459600000,2,3,14796
019a0000-0000-7000-8000-000000000797,1749459600000,3,2,3273
019a0000-0000-7000-8000-000000000055,1749546000000,3,2,4600
019a0000-0000-7000-8000-000000000274,1749546000000,1,2,4418
019a0000-0000-7000-8000-000000000317,1749546000000,2,3,14076
019a0000-0000-7000-8000-000000000356,1749546000000,1,2,8047
019a0000-0000-7000-8000-000000000361,1749546000000,1,2,10186
019a0000-0000-7000-8000-000000000576,1749546000000,1,2,7430
019a0000-0000-7000-8000-000000000646,1749546000000,3,2,6247
019a0000-0000-7000-8000-000000000685,1749546000000,2,0,3380
019a0000-0000-7000-8000-000000000744,1749546000000,1,0,9686
019a0000-0000-7000-8000-000000000100,1749632400000,3,0,3754
019a0000-0000-7000-8000-000000000148,1749632400000,4,2,5064
019a0000-0000-7000-8000-000000000177,1749632400000,2,2,3879
019a0000-0000-7000-8000-000000000323,1749632400000,2,2,5143
019a0000-0000-7000-8000-000000000356,1749632400000,2,3,12211
019a0000-0000-7000-8000-000000000361,1749632400000,4,3,6409
019a0000-0000-7000-8000-000000000474,1749632400000,2,2,5229
019a0000-0000-7000-8000-000000000576,1749632400000,1,3,3595
019a0000-0000-7000-8000-000000000586,1749632400000,3,2,4886
019a0000-0000-7000-8000-000000000587,1749632400000,3,0,8824
019a0000-0000-7000-8000-000000000597,1749632400000,3,0,14724
019a0000-0000-7000-8000-000000000744,1749632400000,1,3,10064
019a0000-0000-7000-8000-000000000783,1749632400000,3,2,9766
019a0000-0000-7000-8000-000000000038,1749718800000,1,0,13487
019a0000-0000-7000-8000-000000000147,1749718800000,3,2,9905
019a0000-0000-7000-8000-000000000216,1749718800000,1,2,3278
019a0000-0000-7000-8000-000000000246,1749718800000,3,2,7377
019a0000-0000-7000-8000-000000000254,1749718800000,3,0,9616
019a0000-0000-7000-8000-000000000274,1749718800000,3,3,12534
019a0000-0000-7000-8000-000000000298,1749718800000,1,0,11966
019a0000-0000-7000-8000-000000000419,1749718800000,3,2,4821
019a0000-0000-7000-8000-000000000466,1749718800000,3,2,11746
019a0000-0000-7000-8000-000000000576,1749718800000,1,3,7873
019a0000-0000-7000-8000-000000000685,1749718800000,3,2,8250
019a0000-0000-7000-8000-000000000744,1749718800000,3,3,5758
019a0000-0000-7000-8000-000000000792,1749718800000,2,2,6357
019a0000-0000-7000-8000-000000000038,1749805200000,3,3,6966
019a0000-0000-7000-8000-000000000067,1749805200000,1,0,8878
019a0000-0000-7000-8000-000000000100,1749805200000,3,2,7644
019a0000-0000-7000-8000-000000000298,1749805200000,3,3,10145
019a0000-0000-7000-8000-000000000317,1749805200000,3,2,10949
019a0000-0000-7000-8000-000000000324,1749805200000,2,0,10886
019a0000-0000-7000-8000-000000000350,1749805200000,3,2,6947
019a0000-0000-7000-8000-000000000488,1749805200000,2,2,10853
019a0000-0000-7000-8000-000000000576,1749805200000,1,3,8452
019a0000-0000-7000-8000-000000000587,1749805200000,3,2,4165
019a0000-0000-7000-8000-000000000597,1749805200000,2,2,10601
019a0000-0000-7000-8000-000000000657,1749805200000,3,2,7922
019a0000-0000-7000-8000-000000000666,1749805200000,2,2,3607
019a0000-0000-7000-8000-000000000067,1749891600000,3,3,13250
019a0000-0000-7000-8000-000000000074,1749891600000,3,0,8432
019a0000-0000-7000-8000-000000000115,1749891600000,3,0,8592
019a0000-0000-7000-8000-000000000138,1749891600000,3,2,12831
019a0000-0000-7000-8000-000000000226,1749891600000,3,2,10612
019a0000-0000-7000-8000-000000000235,1749891600000,3,2,9087
019a0000-0000-7000-8000-000000000254,1749891600000,3,2,7389
019a0000-0000-7000-8000-000000000356,1749891600000,2,2,10645
019a0000-0000-7000-8000-000000000417,1749891600000,3,0,14709
019a0000-0000-7000-8000-000000000429,1749891600000,2,2,12059
019a0000-0000-7000-8000-000000000497,1749891600000,3,0,9907
019a0000-0000-7000-8000-000000000535,1749891600000,3,2,7111
019a0000-0000-7000-8000-000000000576,1749891600000,1,3,10803
019a0000-0000-7000-8000-000000000604,1749891600000,3,2,9066
019a0000-0000-7000-8000-000000000730,1749891600000,1,0,9560
019a0000-0000-7000-8000-000000000744,1749891600000,3,2,9943
019a0000-0000-7000-8000-000000000072,1749978000000,3,2,7080
019a0000-0000-7000-8000-000000000169,1749978000000,3,0,4431
019a0000-0000-7000-8000-000000000174,1749978000000,3,2,10673
019a0000-0000-7000-8000-000000000240,1749978000000,3,2,12811
019a0000-0000-7000-8000-000000000324,1749978000000,3,2,9422
019a0000-0000-7000-8000-000000000359,1749978000000,3,2,8232
019a0000-0000-7000-8000-000000000548,1749978000000,3,2,8624
019a0000-0000-7000-8000-000000000576,1749978000000,3,3,12702
019a0000-0000-7000-8000-000000000730,1749978000000,2,3,4250
019a0000-0000-7000-8000-000000000735,1749978000000,3,2,7348
019a0000-0000-7000-8000-000000000739,1749978000000,3,2,11353
019a0000-0000-7000-8000-000000000074,1750064400000,3,2,13855
019a0000-0000-7000-8000-000000000115,1750064400000,2,2,6140
019a0000-0000-7000-8000-000000000216,1750064400000,3,3,3809
019a0000-0000-7000-8000-000000000265,1750064400000,3,0,8422
019a0000-0000-7000-8000-000000000267,1750064400000,3,2,5996
019a0000-0000-7000-8000-000000000417,1750064400000,1,2,12430
019a0000-0000-7000-8000-000000000497,1750064400000,3,2,10358
019a0000-0000-7000-8000-000000000572,1750064400000,1,0,4999
019a0000-0000-7000-8000-000000000784,1750064400000,3,2,5159
019a0000-0000-7000-8000-000000000169,1750150800000,3,2,12574
019a0000-0000-7000-8000-000000000334,1750150800000,3,2,13617
019a0000-0000-7000-8000-000000000349,1750150800000,3,0,12832
019a0000-0000-7000-8000-000000000417,1750150800000,2,3,6271
019a0000-0000-7000-8000-000000000444,1750150800000,1,0,12866
019a0000-0000-7000-8000-000000000450,1750150800000,1,0,4676
019a0000-0000-7000-8000-000000000470,1750150800000,1,0,14055
019a0000-0000-7000-8000-000000000477,1750150800000,2,2,10563
019a0000-0000-7000-8000-000000000572,1750150800000,1,3,10895
019a0000-0000-7000-8000-000000000703,1750150800000,2,2,7196
019a0000-0000-7000-8000-000000000720,1750150800000,3,0,3983
019a0000-0000-7000-8000-000000000038,1750237200000,3,2,13267
019a0000-0000-7000-8000-000000000146,1750237200000,3,0,11876
019a0000-0000-7000-8000-000000000237,1750237200000,3,2,13372
019a0000-0000-7000-8000-000000000265,1750237200000,3,2,8375
019a0000-0000-7000-8000-000000000288,1750237200000,3,2,5859
019a0000-0000-7000-8000-000000000298,1750237200000,3,2,4099
019a0000-0000-7000-8000-000000000304,1750237200000,3,2,4267
019a0000-0000-7000-8000-000000000444,1750237200000,3,3,7013
019a0000-0000-7000-8000-000000000450,1750237200000,3,3,3931
019a0000-0000-7000-8000-000000000470,1750237200000,1,3,14919
019a0000-0000-7000-8000-000000000503,1750237200000,3,0,14879
019a0000-0000-7000-8000-000000000518,1750237200000,3,2,7566
019a0000-0000-7000-8000-000000000523,1750237200000,3,2,14382
019a0000-0000-7000-8000-000000000534,1750237200000,2,0,6376
019a0000-0000-7000-8000-000000000572,1750237200000,3,3,6591
019a0000-0000-7000-8000-000000000634,1750237200000,3,2,13807
019a0000-0000-7000-8000-000000000730,1750237200000,3,2,4485
019a0000-0000-7000-8000-000000000067,1750323600000,3,2,7408
019a0000-0000-7000-8000-000000000260,1750323600000,3,0,12924
019a0000-0000-7000-8000-000000000314,1750323600000,4,0,10775
019a0000-0000-7000-8000-000000000349,1750323600000,3,2,7377
019a0000-0000-7000-8000-000000000381,1750323600000,2,2,12296
019a0000-0000-7000-8000-000000000448,1750323600000,1,0,10997
019a0000-0000-7000-8000-000000000470,1750323600000,1,3,14489
019a0000-0000-7000-8000-000000000619,1750323600000,3,0,14396
019a0000-0000-7000-8000-000000000707,1750323600000,3,2,11996
019a0000-0000-7000-8000-000000000720,1750323600000,1,2,7767
019a0000-0000-7000-8000-000000000796,1750323600000,1,0,6843
019a0000-0000-7000-8000-000000000146,1750410000000,2,2,7158
019a0000-0000-7000-8000-000000000361,1750410000000,3,2,11817
019a0000-0000-7000-8000-000000000417,1750410000000,3,2,11858
019a0000-0000-7000-8000-000000000448,1750410000000,3,3,13884
019a0000-0000-7000-8000-000000000470,1750410000000,1,3,10816
019a0000-0000-7000-8000-000000000471,1750410000000,3,2,14127
019a0000-0000-7000-8000-000000000498,1750410000000,3,2,7987
019a0000-0000-7000-8000-000000000503,1750410000000,2,2,13007
019a0000-0000-7000-8000-000000000534,1750410000000,3,2,3385
019a0000-0000-7000-8000-000000000572,1750410000000,3,2,6963
019a0000-0000-7000-8000-000000000720,1750410000000,2,3,13045
019a0000-0000-7000-8000-000000000796,1750410000000,3,3,3215
019a0000-0000-7000-8000-000000000195,1750496400000,3,2,7665
019a0000-0000-7000-8000-000000000260,1750496400000,3,2,12514
019a0000-0000-7000-8000-000000000356,1750496400000,3,2,13587
019a0000-0000-7000-8000-000000000470,1750496400000,3,3,8061
019a0000-0000-7000-8000-000000000547,1750496400000,1,0,13988
019a0000-0000-7000-8000-000000000549,1750496400000,1,0,6136
019a0000-0000-7000-8000-000000000603,1750496400000,2,2,9931
019a0000-0000-7000-8000-000000000619,1750496400000,2,2,6099
019a0000-0000-7000-8000-000000000645,1750496400000,2,2,7321
019a0000-0000-7000-8000-000000000744,1750496400000,3,2,3844
019a0000-0000-7000-8000-000000000750,1750496400000,3,0,4488
019a0000-0000-7000-8000-000000000005,1750582800000,3,2,14727
019a0000-0000-7000-8000-000000000085,1750582800000,3,2,4203
019a0000-0000-7000-8000-000000000302,1750582800000,3,2,4609
019a0000-0000-7000-8000-000000000353,1750582800000,3,2,11279
019a0000-0000-7000-8000-000000000400,1750582800000,3,2,9298
019a0000-0000-7000-8000-000000000470,1750582800000,2,2,13977
019a0000-0000-7000-8000-000000000547,1750582800000,3,3,13739
019a0000-0000-7000-8000-000000000549,1750582800000,3,3,3308
019a0000-0000-7000-8000-000000000563,1750582800000,2,2,12412
019a0000-0000-7000-8000-000000000754,1750582800000,1,0,10278
019a0000-0000-7000-8000-000000000205,1750669200000,1,0,8749
019a0000-0000-7000-8000-000000000234,1750669200000,2,2,6527
019a0000-0000-7000-8000-000000000274,1750669200000,4,2,13638
019a0000-0000-7000-8000-000000000293,1750669200000,1,0,9880
019a0000-0000-7000-8000-000000000444,1750669200000,2,2,7865
019a0000-0000-7000-8000-000000000450,1750669200000,2,2,9658
019a0000-0000-7000-8000-000000000458,1750669200000,3,2,9160
019a0000-0000-7000-8000-000000000470,1750669200000,2,2,14228
019a0000-0000-7000-8000-000000000502,1750669200000,3,2,7413
019a0000-0000-7000-8000-000000000536,1750669200000,4,2,3301
019a0000-0000-7000-8000-000000000608,1750669200000,1,2,3191
019a0000-0000-7000-8000-000000000679,1750669200000,2,2,12111
019a0000-0000-7000-8000-000000000720,1750669200000,4,2,9596
019a0000-0000-7000-8000-000000000750,1750669200000,2,2,11147
019a0000-0000-7000-8000-000000000754,1750669200000,3,3,11012
019a0000-0000-7000-8000-000000000140,1750755600000,3,0,6055
019a0000-0000-7000-8000-000000000205,1750755600000,4,3,7061
019a0000-0000-7000-8000-000000000293,1750755600000,3,3,4920
019a0000-0000-7000-8000-000000000314,1750755600000,1,2,8369
019a0000-0000-7000-8000-000000000393,1750755600000,3,2,3852
019a0000-0000-7000-8000-000000000394,1750755600000,2,2,10786
019a0000-0000-7000-8000-000000000472,1750755600000,1,0,9504
019a0000-0000-7000-8000-000000000602,1750755600000,3,2,6932
019a0000-0000-7000-8000-000000000624,1750755600000,3,0,6997
019a0000-0000-7000-8000-000000000736,1750755600000,1,0,5632
019a0000-0000-7000-8000-000000000314,1750842000000,3,3,6123
019a0000-0000-7000-8000-000000000448,1750842000000,2,2,4821
019a0000-0000-7000-8000-000000000468,1750842000000,3,2,14753
019a0000-0000-7000-8000-000000000472,1750842000000,1,3,7684
019a0000-0000-7000-8000-000000000474,1750842000000,2,2,8509
019a0000-0000-7000-8000-000000000608,1750842000000,1,3,7657
019a0000-0000-7000-8000-000000000698,1750842000000,3,0,3780
019a0000-0000-7000-8000-000000000736,1750842000000,3,3,10563
019a0000-0000-7000-8000-000000000796,1750842000000,2,2,11674
019a0000-0000-7000-8000-000000000108,1750928400000,3,2,13549
019a0000-0000-7000-8000-000000000140,1750928400000,2,2,7810
019a0000-0000-7000-8000-000000000409,1750928400000,1,2,12270
019a0000-0000-7000-8000-000000000472,1750928400000,1,3,4203
019a0000-0000-7000-8000-000000000608,1750928400000,3,3,10020
019a0000-0000-7000-8000-000000000621,1750928400000,3,2,3452
019a0000-0000-7000-8000-000000000624,1750928400000,3,2,14271
019a0000-0000-7000-8000-000000000647,1750928400000,3,0,9952
019a0000-0000-7000-8000-000000000651,1750928400000,3,2,6090
019a0000-0000-7000-8000-000000000672,1750928400000,3,0,9490
019a0000-0000-7000-8000-000000000688,1750928400000,3,2,8328
019a0000-0000-7000-8000-000000000472,1751014800000,2,3,9893
019a0000-0000-7000-8000-000000000547,1751014800000,4,2,8339
019a0000-0000-7000-8000-000000000549,1751014800000,3,2,14572
019a0000-0000-7000-8000-000000000572,1751014800000,1,2,3739
019a0000-0000-7000-8000-000000000648,1751014800000,3,2,13579
019a0000-0000-7000-8000-000000000698,1751014800000,3,2,13859
019a0000-0000-7000-8000-000000000090,1751101200000,3,0,11983
019a0000-0000-7000-8000-000000000119,1751101200000,3,2,4740
019a0000-0000-7000-8000-000000000409,1751101200000,3,3,5858
019a0000-0000-7000-8000-000000000472,1751101200000,2,2,6438
019a0000-0000-7000-8000-000000000492,1751101200000,3,0,4074
019a0000-0000-7000-8000-000000000572,1751101200000,3,3,8736
019a0000-0000-7000-8000-000000000597,1751101200000,3,2,10876
019a0000-0000-7000-8000-000000000647,1751101200000,2,2,13803
019a0000-0000-7000-8000-000000000672,1751101200000,3,2,11455
019a0000-0000-7000-8000-000000000685,1751101200000,3,2,14025
019a0000-0000-7000-8000-000000000754,1751101200000,3,2,3210
019a0000-0000-7000-8000-000000000769,1751101200000,3,0,4607
019a0000-0000-7000-8000-000000000032,1751187600000,3,0,12505
019a0000-0000-7000-8000-000000000063,1751187600000,3,0,14241
019a0000-0000-7000-8000-000000000080,1751187600000,1,2,6608
019a0000-0000-7000-8000-000000000086,1751187600000,3,0,4407
019a0000-0000-7000-8000-000000000184,1751187600000,3,0,5404
019a0000-0000-7000-8000-000000000281,1751187600000,2,2,8784
019a0000-0000-7000-8000-000000000293,1751187600000,3,2,12900
019a0000-0000-7000-8000-000000000317,1751187600000,3,2,4316
019a0000-0000-7000-8000-000000000366,1751187600000,3,0,10573
019a0000-0000-7000-8000-000000000608,1751187600000,3,2,11074
019a0000-0000-7000-8000-000000000625,1751187600000,4,0,10322
019a0000-0000-7000-8000-000000000653,1751187600000,3,2,7276
019a0000-0000-7000-8000-000000000683,1751187600000,3,2,8264
019a0000-0000-7000-8000-000000000771,1751187600000,1,0,7323
019a0000-0000-7000-8000-000000000082,1751274000000,1,2,10162
019a0000-0000-7000-8000-000000000090,1751274000000,3,2,13056
019a0000-0000-7000-8000-000000000135,1751274000000,3,2,3840
019a0000-0000-7000-8000-000000000150,1751274000000,3,2,8514
019a0000-0000-7000-8000-000000000451,1751274000000,3,2,11001
019a0000-0000-7000-8000-000000000472,1751274000000,2,2,9629
019a0000-0000-7000-8000-000000000492,1751274000000,2,2,13403
019a0000-0000-7000-8000-000000000627,1751274000000,3,2,11725
019a0000-0000-7000-8000-000000000736,1751274000000,3,2,4613
019a0000-0000-7000-8000-000000000769,1751274000000,2,2,11790
019a0000-0000-7000-8000-000000000771,1751274000000,1,3,4058
019a0000-0000-7000-8000-000000000032,1751360400000,3,2,4911
019a0000-0000-7000-8000-000000000063,1751360400000,2,2,7166
019a0000-0000-7000-8000-000000000080,1751360400000,2,3,11702
019a0000-0000-7000-8000-000000000086,1751360400000,2,2,10091
019a0000-0000-7000-8000-000000000115,1751360400000,1,2,5602
019a0000-0000-7000-8000-000000000184,1751360400000,3,2,10593
019a0000-0000-7000-8000-000000000324,1751360400000,3,2,9276
019a0000-0000-7000-8000-000000000366,1751360400000,3,2,9305
019a0000-0000-7000-8000-000000000488,1751360400000,3,2,14897
019a0000-0000-7000-8000-000000000510,1751360400000,3,2,12404
019a0000-0000-7000-8000-000000000572,1751360400000,3,2,12611
019a0000-0000-7000-8000-000000000585,1751360400000,3,0,6854
019a0000-0000-7000-8000-000000000658,1751360400000,3,0,12890
019a0000-0000-7000-8000-000000000734,1751360400000,3,2,4280
019a0000-0000-7000-8000-000000000771,1751360400000,2,3,13549
019a0000-0000-7000-8000-000000000052,1751446800000,3,0,3135
019a0000-0000-7000-8000-000000000082,1751446800000,1,3,13756
019a0000-0000-7000-8000-000000000214,1751446800000,3,0,4404
019a0000-0000-7000-8000-000000000227,1751446800000,3,2,11980
019a0000-0000-7000-8000-000000000228,1751446800000,3,2,4731
019a0000-0000-7000-8000-000000000314,1751446800000,3,2,9551
019a0000-0000-7000-8000-000000000771,1751446800000,3,2,7340
019a0000-0000-7000-8000-000000000777,1751446800000,2,2,12807
019a0000-0000-7000-8000-000000000082,1751533200000,3,3,4495
019a0000-0000-7000-8000-000000000114,1751533200000,2,2,5469
019a0000-0000-7000-8000-000000000115,1751533200000,3,3,8004
019a0000-0000-7000-8000-000000000160,1751533200000,3,2,12003
019a0000-0000-7000-8000-000000000216,1751533200000,3,2,5976
019a0000-0000-7000-8000-000000000297,1751533200000,1,0,10597
019a0000-0000-7000-8000-000000000417,1751533200000,2,2,4016
019a0000-0000-7000-8000-000000000440,1751533200000,3,2,4578
019a0000-0000-7000-8000-000000000472,1751533200000,3,2,12928
019a0000-0000-7000-8000-000000000585,1751533200000,3,2,13100
019a0000-0000-7000-8000-000000000658,1751533200000,2,2,14739
019a0000-0000-7000-8000-000000000052,1751619600000,2,2,13447
019a0000-0000-7000-8000-000000000205,1751619600000,3,2,4833
019a0000-0000-7000-8000-000000000214,1751619600000,3,2,12357
019a0000-0000-7000-8000-000000000276,1751619600000,3,2,3469
019a0000-0000-7000-8000-000000000297,1751619600000,2,3,5810
019a0000-0000-7000-8000-000000000625,1751619600000,1,2,4194
019a0000-0000-7000-8000-000000000666,1751619600000,3,2,11126
019a0000-0000-7000-8000-000000000701,1751619600000,2,2,4874
019a0000-0000-7000-8000-000000000709,1751619600000,3,0,12057
019a0000-0000-7000-8000-000000000718,1751619600000,3,2,13896
019a0000-0000-7000-8000-000000000730,1751619600000,1,2,13673
019a0000-0000-7000-8000-000000000088,1751706000000,3,2,13223
019a0000-0000-7000-8000-000000000146,1751706000000,2,2,13898
019a0000-0000-7000-8000-000000000333,1751706000000,1,0,10867
019a0000-0000-7000-8000-000000000408,1751706000000,3,0,6137
019a0000-0000-7000-8000-000000000503,1751706000000,2,2,8952
019a0000-0000-7000-8000-000000000625,1751706000000,2,3,3390
019a0000-0000-7000-8000-000000000639,1751706000000,1,0,14288
019a0000-0000-7000-8000-000000000664,1751706000000,3,2,13539
019a0000-0000-7000-8000-000000000739,1751706000000,4,2,4759
019a0000-0000-7000-8000-000000000082,1751792400000,4,2,5284
019a0000-0000-7000-8000-000000000100,1751792400000,2,2,5236
019a0000-0000-7000-8000-000000000101,1751792400000,3,2,6175
019a0000-0000-7000-8000-000000000175,1751792400000,2,0,3214
019a0000-0000-7000-8000-000000000333,1751792400000,3,3,8466
019a0000-0000-7000-8000-000000000409,1751792400000,3,2,8151
019a0000-0000-7000-8000-000000000427,1751792400000,3,2,3006
019a0000-0000-7000-8000-000000000534,1751792400000,2,2,6083
019a0000-0000-7000-8000-000000000587,1751792400000,1,2,3394
019a0000-0000-7000-8000-000000000619,1751792400000,3,2,13630
019a0000-0000-7000-8000-000000000639,1751792400000,1,3,10530
019a0000-0000-7000-8000-000000000709,1751792400000,2,2,9320
019a0000-0000-7000-8000-000000000730,1751792400000,3,3,7156
019a0000-0000-7000-8000-000000000771,1751792400000,3,2,8003
019a0000-0000-7000-8000-000000000048,1751878800000,1,0,3217
019a0000-0000-7000-8000-000000000196,1751878800000,2,2,5667
019a0000-0000-7000-8000-000000000254,1751878800000,3,2,12045
019a0000-0000-7000-8000-000000000297,1751878800000,3,2,14705
019a0000-0000-7000-8000-000000000391,1751878800000,3,2,6254
019a0000-0000-7000-8000-000000000408,1751878800000,1,2,3540
019a0000-0000-7000-8000-000000000614,1751878800000,3,2,7204
019a0000-0000-7000-8000-000000000639,1751878800000,3,3,14875
019a0000-0000-7000-8000-000000000684,1751878800000,3,2,14657
019a0000-0000-7000-8000-000000000694,1751878800000,3,2,6271
019a0000-0000-7000-8000-000000000048,1751965200000,3,3,6950
019a0000-0000-7000-8000-000000000175,1751965200000,1,2,13683
019a0000-0000-7000-8000-000000000372,1751965200000,3,0,5449
019a0000-0000-7000-8000-000000000408,1751965200000,1,3,7609
019a0000-0000-7000-8000-000000000587,1751965200000,1,3,9766
019a0000-0000-7000-8000-000000000750,1751965200000,4,2,3041
019a0000-0000-7000-8000-000000000015,1752051600000,2,2,3951
019a0000-0000-7000-8000-000000000074,1752051600000,3,2,7886
019a0000-0000-7000-8000-000000000080,1752051600000,1,2,7233
019a0000-0000-7000-8000-000000000175,1752051600000,2,3,8422
019a0000-0000-7000-8000-000000000352,1752051600000,3,2,4935
019a0000-0000-7000-8000-000000000356,1752051600000,2,2,8891
019a0000-0000-7000-8000-000000000408,1752051600000,1,3,5219
019a0000-0000-7000-8000-000000000497,1752051600000,3,2,3729
019a0000-0000-7000-8000-000000000565,1752051600000,2,0,9029
019a0000-0000-7000-8000-000000000587,1752051600000,3,3,12694
019a0000-0000-7000-8000-000000000608,1752051600000,1,2,11320
019a0000-0000-7000-8000-000000000625,1752051600000,3,2,12552
019a0000-0000-7000-8000-000000000629,1752051600000,3,0,7555
019a0000-0000-7000-8000-000000000639,1752051600000,1,2,11305
019a0000-0000-7000-8000-000000000745,1752051600000,3,0,11704
019a0000-0000-7000-8000-000000000080,1752138000000,2,3,14032
019a0000-0000-7000-8000-000000000169,1752138000000,1,2,12618
019a0000-0000-7000-8000-000000000372,1752138000000,3,2,8866
019a0000-0000-7000-8000-000000000408,1752138000000,1,3,4219
019a0000-0000-7000-8000-000000000639,1752138000000,3,3,3901
019a0000-0000-7000-8000-000000000028,1752224400000,4,2,3135
019a0000-0000-7000-8000-000000000053,1752224400000,1,0,12733
019a0000-0000-7000-8000-000000000113,1752224400000,3,0,4840
019a0000-0000-7000-8000-000000000115,1752224400000,1,2,12803
019a0000-0000-7000-8000-000000000140,1752224400000,3,2,7319
019a0000-0000-7000-8000-000000000141,1752224400000,3,0,4447
019a0000-0000-7000-8000-000000000163,1752224400000,3,2,5905
019a0000-0000-7000-8000-000000000175,1752224400000,3,2,4109
019a0000-0000-7000-8000-000000000249,1752224400000,2,2,4218
019a0000-0000-7000-8000-000000000265,1752224400000,2,2,7468
019a0000-0000-7000-8000-000000000333,1752224400000,4,2,7052
019a0000-0000-7000-8000-000000000408,1752224400000,1,3,3009
019a0000-0000-7000-8000-000000000553,1752224400000,3,0,7646
019a0000-0000-7000-8000-000000000565,1752224400000,2,2,6088
019a0000-0000-7000-8000-000000000629,1752224400000,3,2,7227
019a0000-0000-7000-8000-000000000745,1752224400000,3,2,6642
019a0000-0000-7000-8000-000000000035,1752310800000,4,0,14221
019a0000-0000-7000-8000-000000000053,1752310800000,3,3,5084
019a0000-0000-7000-8000-000000000078,1752310800000,2,2,7847
019a0000-0000-7000-8000-000000000115,1752310800000,3,3,8005
019a0000-0000-7000-8000-000000000169,1752310800000,2,3,7037
019a0000-0000-7000-8000-000000000215,1752310800000,3,0,4544
019a0000-0000-7000-8000-000000000349,1752310800000,3,2,11275
019a0000-0000-7000-8000-000000000408,1752310800000,3,3,14472
019a0000-0000-7000-8000-000000000435,1752310800000,1,0,9931
019a0000-0000-7000-8000-000000000489,1752310800000,2,0,9856
019a0000-0000-7000-8000-000000000544,1752310800000,3,2,9107
019a0000-0000-7000-8000-000000000587,1752310800000,1,2,3129
019a0000-0000-7000-8000-000000000639,1752310800000,4,2,9331
019a0000-0000-7000-8000-000000000730,1752310800000,3,2,14097
019a0000-0000-7000-8000-000000000779,1752310800000,3,0,5487
019a0000-0000-7000-8000-000000000039,1752397200000,3,0,11300
019a0000-0000-7000-8000-000000000048,1752397200000,2,2,7150
019a0000-0000-7000-8000-000000000076,1752397200000,3,0,9817
019a0000-0000-7000-8000-000000000080,1752397200000,3,2,12410
019a0000-0000-7000-8000-000000000113,1752397200000,4,2,5324
019a0000-0000-7000-8000-000000000141,1752397200000,3,2,6758
019a0000-0000-7000-8000-000000000435,1752397200000,3,3,3275
019a0000-0000-7000-8000-000000000553,1752397200000,3,2,5271
019a0000-0000-7000-8000-000000000587,1752397200000,3,3,13742
019a0000-0000-7000-8000-000000000647,1752397200000,3,2,10121
019a0000-0000-7000-8000-000000000687,1752397200000,3,0,8075
019a0000-0000-7000-8000-000000000759,1752397200000,3,0,8050
019a0000-0000-7000-8000-000000000215,1752483600000,3,2,6466
019a0000-0000-7000-8000-000000000260,1752483600000,3,2,12079
019a0000-0000-7000-8000-000000000444,1752483600000,3,2,3068
019a0000-0000-7000-8000-000000000450,1752483600000,3,2,3488
019a0000-0000-7000-8000-000000000455,1752483600000,1,2,14685
019a0000-0000-7000-8000-000000000478,1752483600000,3,0,11109
019a0000-0000-7000-8000-000000000483,1752483600000,2,0,7727
019a0000-0000-7000-8000-000000000489,1752483600000,3,2,3424
019a0000-0000-7000-8000-000000000635,1752483600000,3,0,14555
019a0000-0000-7000-8000-000000000779,1752483600000,2,2,9656
019a0000-0000-7000-8000-000000000039,1752570000000,2,2,13020
019a0000-0000-7000-8000-000000000076,1752570000000,2,2,10993
019a0000-0000-7000-8000-000000000115,1752570000000,3,2,8940
019a0000-0000-7000-8000-000000000199,1752570000000,3,0,7150
019a0000-0000-7000-8000-000000000492,1752570000000,3,2,13952
019a0000-0000-7000-8000-000000000687,1752570000000,2,2,8040
019a0000-0000-7000-8000-000000000720,1752570000000,3,2,3370
019a0000-0000-7000-8000-000000000744,1752570000000,3,2,4463
019a0000-0000-7000-8000-000000000759,1752570000000,2,2,5532
019a0000-0000-7000-8000-000000000769,1752570000000,3,2,11551
019a0000-0000-7000-8000-000000000063,1752656400000,3,2,7419
019a0000-0000-7000-8000-000000000086,1752656400000,3,2,12566
019a0000-0000-7000-8000-000000000240,1752656400000,3,2,14362
019a0000-0000-7000-8000-000000000448,1752656400000,3,2,6733
019a0000-0000-7000-8000-000000000478,1752656400000,3,2,7449
019a0000-0000-7000-8000-000000000483,1752656400000,3,2,6297
019a0000-0000-7000-8000-000000000527,1752656400000,1,0,4210
019a0000-0000-7000-8000-000000000601,1752656400000,3,0,13268
019a0000-0000-7000-8000-000000000635,1752656400000,3,2,7379
019a0000-0000-7000-8000-000000000796,1752656400000,3,2,12460
019a0000-0000-7000-8000-000000000035,1752742800000,3,2,5844
019a0000-0000-7000-8000-000000000053,1752742800000,3,2,6420
019a0000-0000-7000-8000-000000000193,1752742800000,3,0,13840
019a0000-0000-7000-8000-000000000199,1752742800000,3,2,7801
019a0000-0000-7000-8000-000000000527,1752742800000,3,3,12603
019a0000-0000-7000-8000-000000000594,1752742800000,3,0,9706
019a0000-0000-7000-8000-000000000642,1752742800000,2,2,9135
019a0000-0000-7000-8000-000000000800,1752742800000,1,0,12680
019a0000-0000-7000-8000-000000000092,1752829200000,3,0,13517
019a0000-0000-7000-8000-000000000435,1752829200000,3,2,10609
019a0000-0000-7000-8000-000000000455,1752829200000,3,3,13094
019a0000-0000-7000-8000-000000000560,1752829200000,3,2,7420
019a0000-0000-7000-8000-000000000601,1752829200000,3,2,10870
019a0000-0000-7000-8000-000000000658,1752829200000,2,2,10666
019a0000-0000-7000-8000-000000000771,1752829200000,3,2,8965
019a0000-0000-7000-8000-000000000800,1752829200000,3,3,11027
019a0000-0000-7000-8000-000000000052,1752915600000,1,2,8083
019a0000-0000-7000-8000-000000000175,1752915600000,3,2,11294
019a0000-0000-7000-8000-000000000193,1752915600000,2,2,3197
019a0000-0000-7000-8000-000000000594,1752915600000,3,2,3526
019a0000-0000-7000-8000-000000000624,1752915600000,3,2,3695
019a0000-0000-7000-8000-000000000003,1753002000000,3,0,7905
019a0000-0000-7000-8000-000000000038,1753002000000,3,2,7093
019a0000-0000-7000-8000-000000000092,1753002000000,2,2,11129
019a0000-0000-7000-8000-000000000169,1753002000000,2,2,12200
019a0000-0000-7000-8000-000000000298,1753002000000,2,2,13413
019a0000-0000-7000-8000-000000000404,1753002000000,3,2,10864
019a0000-0000-7000-8000-000000000449,1753002000000,3,2,8078
019a0000-0000-7000-8000-000000000655,1753002000000,3,0,13460
019a0000-0000-7000-8000-000000000698,1753002000000,2,2,13564
019a0000-0000-7000-8000-000000000751,1753002000000,1,0,13529
019a0000-0000-7000-8000-000000000052,1753088400000,2,3,8414
019a0000-0000-7000-8000-000000000067,1753088400000,3,2,6183
019a0000-0000-7000-8000-000000000093,1753088400000,3,0,7027
019a0000-0000-7000-8000-000000000639,1753088400000,3,2,14201
019a0000-0000-7000-8000-000000000672,1753088400000,2,2,13124
019a0000-0000-7000-8000-000000000676,1753088400000,3,0,10805
019a0000-0000-7000-8000-000000000702,1753088400000,2,2,9594
019a0000-0000-7000-8000-000000000709,1753088400000,3,2,7007
019a0000-0000-7000-8000-000000000751,1753088400000,1,3,13804
019a0000-0000-7000-8000-000000000003,1753174800000,3,2,10134
019a0000-0000-7000-8000-000000000041,1753174800000,4,0,10695
019a0000-0000-7000-8000-000000000059,1753174800000,1,0,4124
019a0000-0000-7000-8000-000000000082,1753174800000,3,2,11677
019a0000-0000-7000-8000-000000000154,1753174800000,3,0,7361
019a0000-0000-7000-8000-000000000246,1753174800000,3,2,14657
019a0000-0000-7000-8000-000000000320,1753174800000,3,2,9192
019a0000-0000-7000-8000-000000000326,1753174800000,4,0,14684
019a0000-0000-7000-8000-000000000397,1753174800000,3,0,7749
019a0000-0000-7000-8000-000000000527,1753174800000,3,2,4289
019a0000-0000-7000-8000-000000000565,1753174800000,2,2,8013
019a0000-0000-7000-8000-000000000655,1753174800000,2,2,14677
019a0000-0000-7000-8000-000000000696,1753174800000,3,2,6785
019a0000-0000-7000-8000-000000000728,1753174800000,3,0,12202
019a0000-0000-7000-8000-000000000751,1753174800000,3,3,10349
019a0000-0000-7000-8000-000000000023,1753261200000,1,0,9023
019a0000-0000-7000-8000-000000000059,1753261200000,3,3,12379
019a0000-0000-7000-8000-000000000090,1753261200000,3,2,14889
019a0000-0000-7000-8000-000000000093,1753261200000,3,2,4755
019a0000-0000-7000-8000-000000000229,1753261200000,3,0,13097
019a0000-0000-7000-8000-000000000297,1753261200000,3,2,8643
019a0000-0000-7000-8000-000000000495,1753261200000,2,2,5037
019a0000-0000-7000-8000-000000000506,1753261200000,3,0,14627
019a0000-0000-7000-8000-000000000606,1753261200000,1,0,8504
019a0000-0000-7000-8000-000000000673,1753261200000,3,0,5717
019a0000-0000-7000-8000-000000000676,1753261200000,3,2,11622
019a0000-0000-7000-8000-000000000726,1753261200000,1,0,7461
019a0000-0000-7000-8000-000000000800,1753261200000,2,2,9684
019a0000-0000-7000-8000-000000000017,1753347600000,3,0,10279
019a0000-0000-7000-8000-000000000023,1753347600000,3,3,5664
019a0000-0000-7000-8000-000000000032,1753347600000,4,2,6566
019a0000-0000-7000-8000-000000000154,1753347600000,3,2,11659
019a0000-0000-7000-8000-000000000184,1753347600000,3,2,7754
019a0000-0000-7000-8000-000000000253,1753347600000,3,0,10854
019a0000-0000-7000-8000-000000000330,1753347600000,3,0,11823
019a0000-0000-7000-8000-000000000366,1753347600000,2,2,6948
019a0000-0000-7000-8000-000000000397,1753347600000,3,2,3767
019a0000-0000-7000-8000-000000000456,1753347600000,1,0,12625
019a0000-0000-7000-8000-000000000535,1753347600000,2,2,11578
019a0000-0000-7000-8000-000000000606,1753347600000,3,3,5897
019a0000-0000-7000-8000-000000000726,1753347600000,3,3,4634
019a0000-0000-7000-8000-000000000728,1753347600000,3,2,14219
019a0000-0000-7000-8000-000000000751,1753347600000,3,2,14399
019a0000-0000-7000-8000-000000000118,1753434000000,3,2,9683
019a0000-0000-7000-8000-000000000229,1753434000000,2,2,6335
019a0000-0000-7000-8000-000000000456,1753434000000,2,3,8264
019a0000-0000-7000-8000-000000000506,1753434000000,3,2,5827
019a0000-0000-7000-8000-000000000566,1753434000000,3,0,11237
019a0000-0000-7000-8000-000000000640,1753434000000,3,2,6744
019a0000-0000-7000-8000-000000000673,1753434000000,1,2,9722
019a0000-0000-7000-8000-000000000712,1753434000000,4,2,3898
019a0000-0000-7000-8000-000000000761,1753434000000,2,2,8184
019a0000-0000-7000-8000-000000000017,1753520400000,3,2,11658
019a0000-0000-7000-8000-000000000128,1753520400000,1,2,10060
019a0000-0000-7000-8000-000000000253,1753520400000,3,2,9513
019a0000-0000-7000-8000-000000000295,1753520400000,2,0,5109
019a0000-0000-7000-8000-000000000330,1753520400000,3,2,12512
019a0000-0000-7000-8000-000000000474,1753520400000,3,2,9427
019a0000-0000-7000-8000-000000000532,1753520400000,1,0,6433
019a0000-0000-7000-8000-000000000567,1753520400000,3,0,10957
019a0000-0000-7000-8000-000000000585,1753520400000,2,2,12570
019a0000-0000-7000-8000-000000000673,1753520400000,3,3,11301
019a0000-0000-7000-8000-000000000041,1753606800000,3,2,13083
019a0000-0000-7000-8000-000000000052,1753606800000,3,2,8476
019a0000-0000-7000-8000-000000000162,1753606800000,2,0,11257
019a0000-0000-7000-8000-000000000214,1753606800000,1,2,9492
019a0000-0000-7000-8000-000000000326,1753606800000,2,2,3145
019a0000-0000-7000-8000-000000000532,1753606800000,2,3,12801
019a0000-0000-7000-8000-000000000566,1753606800000,2,2,5619
019a0000-0000-7000-8000-000000000625,1753606800000,3,2,11670
019a0000-0000-7000-8000-000000000704,1753606800000,3,0,14214
019a0000-0000-7000-8000-000000000059,1753693200000,2,2,7648
019a0000-0000-7000-8000-000000000111,1753693200000,3,2,6679
019a0000-0000-7000-8000-000000000197,1753693200000,3,0,12879
019a0000-0000-7000-8000-000000000295,1753693200000,3,2,8880
019a0000-0000-7000-8000-000000000456,1753693200000,3,2,13594
019a0000-0000-7000-8000-000000000567,1753693200000,3,2,4451
019a0000-0000-7000-8000-000000000600,1753693200000,2,0,8774
019a0000-0000-7000-8000-000000000023,1753779600000,4,2,12927
019a0000-0000-7000-8000-000000000107,1753779600000,2,2,4847
019a0000-0000-7000-8000-000000000162,1753779600000,3,2,10333
019a0000-0000-7000-8000-000000000214,1753779600000,3,3,9065
019a0000-0000-7000-8000-000000000437,1753779600000,3,0,3714
019a0000-0000-7000-8000-000000000549,1753779600000,1,2,12868
019a0000-0000-7000-8000-000000000606,1753779600000,2,2,5373
019a0000-0000-7000-8000-000000000704,1753779600000,3,2,6140
019a0000-0000-7000-8000-000000000722,1753779600000,2,2,7892
019a0000-0000-7000-8000-000000000726,1753779600000,3,2,9120
019a0000-0000-7000-8000-000000000779,1753779600000,3,2,13808
019a0000-0000-7000-8000-000000000039,1753866000000,2,2,6485
019a0000-0000-7000-8000-000000000076,1753866000000,2,2,9768
019a0000-0000-7000-8000-000000000197,1753866000000,1,2,13217
019a0000-0000-7000-8000-000000000489,1753866000000,2,2,3678
019a0000-0000-7000-8000-000000000501,1753866000000,3,2,4830
019a0000-0000-7000-8000-000000000532,1753866000000,3,2,3533
019a0000-0000-7000-8000-000000000600,1753866000000,3,2,9266
019a0000-0000-7000-8000-000000000687,1753866000000,3,2,14079
019a0000-0000-7000-8000-000000000730,1753866000000,3,2,10594
019a0000-0000-7000-8000-000000000754,1753866000000,3,2,11158
019a0000-0000-7000-8000-000000000759,1753866000000,3,2,10348
019a0000-0000-7000-8000-000000000197,1753952400000,3,3,10549
019a0000-0000-7000-8000-000000000293,1753952400000,3,2,13685
019a0000-0000-7000-8000-000000000419,1753952400000,1,2,3703
019a0000-0000-7000-8000-000000000437,1753952400000,3,2,7118
019a0000-0000-7000-8000-000000000459,1753952400000,1,0,14764
019a0000-0000-7000-8000-000000000461,1753952400000,3,0,11951
019a0000-0000-7000-8000-000000000537,1753952400000,3,0,4055
019a0000-0000-7000-8000-000000000549,1753952400000,3,3,7947
019a0000-0000-7000-8000-000000000673,1753952400000,3,2,14079
019a0000-0000-7000-8000-000000000731,1753952400000,2,2,4762
019a0000-0000-7000-8000-000000000751,1753952400000,3,2,9789
019a0000-0000-7000-8000-000000000459,1754038800000,3,3,6881
019a0000-0000-7000-8000-000000000483,1754038800000,4,2,10436
019a0000-0000-7000-8000-000000000616,1754038800000,3,2,4079
019a0000-0000-7000-8000-000000000736,1754038800000,2,2,13856
019a0000-0000-7000-8000-000000000780,1754038800000,1,0,14280
019a0000-0000-7000-8000-000000000016,1754125200000,4,0,13412
019a0000-0000-7000-8000-000000000372,1754125200000,2,2,14167
019a0000-0000-7000-8000-000000000409,1754125200000,3,2,12514
019a0000-0000-7000-8000-000000000461,1754125200000,3,2,12840
019a0000-0000-7000-8000-000000000537,1754125200000,2,2,12166
019a0000-0000-7000-8000-000000000611,1754125200000,3,0,7264
019a0000-0000-7000-8000-000000000780,1754125200000,2,3,13770
019a0000-0000-7000-8000-000000000048,1754211600000,2,2,12848
019a0000-0000-7000-8000-000000000165,1754211600000,3,0,12342
019a0000-0000-7000-8000-000000000193,1754211600000,2,2,4642
019a0000-0000-7000-8000-000000000419,1754211600000,3,3,4478
019a0000-0000-7000-8000-000000000455,1754211600000,3,2,7079
019a0000-0000-7000-8000-000000000629,1754211600000,4,2,8605
019a0000-0000-7000-8000-000000000700,1754211600000,3,0,10087
019a0000-0000-7000-8000-000000000745,1754211600000,4,2,10696
019a0000-0000-7000-8000-000000000049,1754298000000,2,2,8174
019a0000-0000-7000-8000-000000000092,1754298000000,2,2,13813
019a0000-0000-7000-8000-000000000524,1754298000000,3,0,13919
019a0000-0000-7000-8000-000000000569,1754298000000,1,2,6067
019a0000-0000-7000-8000-000000000590,1754298000000,3,2,12043
019a0000-0000-7000-8000-000000000611,1754298000000,3,2,4455
019a0000-0000-7000-8000-000000000004,1754384400000,1,2,10920
019a0000-0000-7000-8000-000000000036,1754384400000,2,2,6858
019a0000-0000-7000-8000-000000000117,1754384400000,3,0,7897
019a0000-0000-7000-8000-000000000141,1754384400000,3,2,8815
019a0000-0000-7000-8000-000000000165,1754384400000,3,2,14038
019a0000-0000-7000-8000-000000000197,1754384400000,2,2,14401
019a0000-0000-7000-8000-000000000243,1754384400000,3,2,7197
019a0000-0000-7000-8000-000000000340,1754384400000,3,2,7842
019a0000-0000-7000-8000-000000000553,1754384400000,3,2,11799
019a0000-0000-7000-8000-000000000700,1754384400000,4,2,11780
019a0000-0000-7000-8000-000000000780,1754384400000,3,2,13631
019a0000-0000-7000-8000-000000000030,1754470800000,3,0,8924
019a0000-0000-7000-8000-000000000065,1754470800000,1,2,10618
019a0000-0000-7000-8000-000000000161,1754470800000,2,2,14061
019a0000-0000-7000-8000-000000000187,1754470800000,1,0,6642
019a0000-0000-7000-8000-000000000215,1754470800000,2,2,7202
019a0000-0000-7000-8000-000000000459,1754470800000,3,2,14999
019a0000-0000-7000-8000-000000000524,1754470800000,2,2,7263
019a0000-0000-7000-8000-000000000573,1754470800000,1,0,14250
019a0000-0000-7000-8000-000000000655,1754470800000,3,2,14343
019a0000-0000-7000-8000-000000000016,1754557200000,3,2,3564
019a0000-0000-7000-8000-000000000117,1754557200000,1,2,14346
019a0000-0000-7000-8000-000000000187,1754557200000,1,3,13883
019a0000-0000-7000-8000-000000000192,1754557200000,4,0,7628
019a0000-0000-7000-8000-000000000308,1754557200000,3,2,3127
019a0000-0000-7000-8000-000000000359,1754557200000,3,2,10264
019a0000-0000-7000-8000-000000000417,1754557200000,2,2,11203
019a0000-0000-7000-8000-000000000573,1754557200000,3,3,11723
019a0000-0000-7000-8000-000000000659,1754557200000,3,0,5558
019a0000-0000-7000-8000-000000000030,1754643600000,2,2,7083
019a0000-0000-7000-8000-000000000034,1754643600000,3,0,11599
019a0000-0000-7000-8000-000000000117,1754643600000,1,3,14419
019a0000-0000-7000-8000-000000000168,1754643600000,3,0,5929
019a0000-0000-7000-8000-000000000187,1754643600000,2,3,7885
019a0000-0000-7000-8000-000000000314,1754643600000,3,2,8716
019a0000-0000-7000-8000-000000000478,1754643600000,3,2,3924
019a0000-0000-7000-8000-000000000549,1754643600000,3,2,14859
019a0000-0000-7000-8000-000000000569,1754643600000,3,3,8657
019a0000-0000-7000-8000-000000000635,1754643600000,3,2,9279
019a0000-0000-7000-8000-000000000645,1754643600000,2,2,9078
019a0000-0000-7000-8000-000000000649,1754643600000,3,2,5199
019a0000-0000-7000-8000-000000000689,1754643600000,3,0,12805
019a0000-0000-7000-8000-000000000001,1754730000000,2,0,4512
019a0000-0000-7000-8000-000000000004,1754730000000,3,3,3046
019a0000-0000-7000-8000-000000000117,1754730000000,3,3,11294
019a0000-0000-7000-8000-000000000187,1754730000000,2,2,14340
019a0000-0000-7000-8000-000000000199,1754730000000,1,2,6050
019a0000-0000-7000-8000-000000000208,1754730000000,3,0,5257
019a0000-0000-7000-8000-000000000214,1754730000000,3,2,14379
019a0000-0000-7000-8000-000000000229,1754730000000,3,2,8227
019a0000-0000-7000-8000-000000000271,1754730000000,3,2,6619
019a0000-0000-7000-8000-000000000475,1754730000000,2,2,14720
019a0000-0000-7000-8000-000000000656,1754730000000,3,0,10784
019a0000-0000-7000-8000-000000000659,1754730000000,3,2,4519
019a0000-0000-7000-8000-000000000725,1754730000000,1,2,3372
019a0000-0000-7000-8000-000000000752,1754730000000,3,0,3940
019a0000-0000-7000-8000-000000000034,1754816400000,2,2,5808
019a0000-0000-7000-8000-000000000065,1754816400000,2,3,11772
019a0000-0000-7000-8000-000000000168,1754816400000,3,2,14020
019a0000-0000-7000-8000-000000000180,1754816400000,2,0,9465
019a0000-0000-7000-8000-000000000361,1754816400000,2,2,12950
019a0000-0000-7000-8000-000000000601,1754816400000,3,2,11638
019a0000-0000-7000-8000-000000000689,1754816400000,3,2,7351
019a0000-0000-7000-8000-000000000001,1754902800000,3,2,9551
019a0000-0000-7000-8000-000000000117,1754902800000,1,2,12223
019a0000-0000-7000-8000-000000000169,1754902800000,2,2,4825
019a0000-0000-7000-8000-000000000199,1754902800000,1,3,10226
019a0000-0000-7000-8000-000000000208,1754902800000,3,2,10494
019a0000-0000-7000-8000-000000000566,1754902800000,3,2,9941
019a0000-0000-7000-8000-000000000594,1754902800000,2,2,14503
019a0000-0000-7000-8000-000000000656,1754902800000,2,2,14035
019a0000-0000-7000-8000-000000000657,1754902800000,2,2,11934
019a0000-0000-7000-8000-000000000752,1754902800000,3,2,12725
019a0000-0000-7000-8000-000000000102,1754989200000,3,0,11738
019a0000-0000-7000-8000-000000000117,1754989200000,3,3,13807
019a0000-0000-7000-8000-000000000180,1754989200000,3,2,5526
019a0000-0000-7000-8000-000000000187,1754989200000,3,2,11934
019a0000-0000-7000-8000-000000000192,1754989200000,3,2,5899
019a0000-0000-7000-8000-000000000199,1754989200000,3,3,14548
019a0000-0000-7000-8000-000000000204,1754989200000,2,2,14170
019a0000-0000-7000-8000-000000000412,1754989200000,1,0,9244
019a0000-0000-7000-8000-000000000447,1754989200000,3,2,13484
019a0000-0000-7000-8000-000000000573,1754989200000,1,2,8100
019a0000-0000-7000-8000-000000000213,1755075600000,3,0,3270
019a0000-0000-7000-8000-000000000295,1755075600000,3,2,4721
019a0000-0000-7000-8000-000000000412,1755075600000,3,3,5320
019a0000-0000-7000-8000-000000000456,1755075600000,3,2,12468
019a0000-0000-7000-8000-000000000460,1755075600000,3,0,13695
019a0000-0000-7000-8000-000000000573,1755075600000,3,3,11954
019a0000-0000-7000-8000-000000000725,1755075600000,3,3,11661
019a0000-0000-7000-8000-000000000800,1755075600000,3,2,10747
019a0000-0000-7000-8000-000000000003,1755162000000,2,2,13981
019a0000-0000-7000-8000-000000000102,1755162000000,3,2,13282
019a0000-0000-7000-8000-000000000117,1755162000000,2,2,7932
019a0000-0000-7000-8000-000000000162,1755162000000,3,2,14018
019a0000-0000-7000-8000-000000000175,1755162000000,2,2,3584
019a0000-0000-7000-8000-000000000225,1755162000000,1,0,12957
019a0000-0000-7000-8000-000000000285,1755162000000,1,0,5657
019a0000-0000-7000-8000-000000000574,1755162000000,3,0,8892
019a0000-0000-7000-8000-000000000093,1755248400000,3,2,8355
019a0000-0000-7000-8000-000000000199,1755248400000,4,2,5560
019a0000-0000-7000-8000-000000000213,1755248400000,1,2,9211
019a0000-0000-7000-8000-000000000225,1755248400000,3,3,11630
019a0000-0000-7000-8000-000000000285,1755248400000,3,3,8405
019a0000-0000-7000-8000-000000000347,1755248400000,2,0,5519
019a0000-0000-7000-8000-000000000428,1755248400000,3,2,3129
019a0000-0000-7000-8000-000000000460,1755248400000,3,2,4081
019a0000-0000-7000-8000-000000000496,1755248400000,3,0,6583
019a0000-0000-7000-8000-000000000532,1755248400000,3,2,4401
019a0000-0000-7000-8000-000000000600,1755248400000,3,2,10213
019a0000-0000-7000-8000-000000000676,1755248400000,1,2,14044
019a0000-0000-7000-8000-000000000052,1755334800000,3,2,12122
019a0000-0000-7000-8000-000000000154,1755334800000,3,2,5498
019a0000-0000-7000-8000-000000000213,1755334800000,4,3,4065
019a0000-0000-7000-8000-000000000270,1755334800000,3,2,9086
019a0000-0000-7000-8000-000000000284,1755334800000,2,2,11564
019a0000-0000-7000-8000-000000000397,1755334800000,3,2,12260
019a0000-0000-7000-8000-000000000574,1755334800000,2,2,3362
019a0000-0000-7000-8000-000000000728,1755334800000,3,2,7795
019a0000-0000-7000-8000-000000000743,1755334800000,3,0,3868
019a0000-0000-7000-8000-000000000753,1755334800000,1,0,6881
019a0000-0000-7000-8000-000000000321,1755421200000,3,0,3474
019a0000-0000-7000-8000-000000000347,1755421200000,3,2,4016
019a0000-0000-7000-8000-000000000496,1755421200000,2,2,12217
019a0000-0000-7000-8000-000000000506,1755421200000,3,2,14704
019a0000-0000-7000-8000-000000000537,1755421200000,3,2,3986
019a0000-0000-7000-8000-000000000573,1755421200000,3,2,6187
019a0000-0000-7000-8000-000000000676,1755421200000,3,3,11781
019a0000-0000-7000-8000-000000000717,1755421200000,3,2,9320
019a0000-0000-7000-8000-000000000753,1755421200000,2,3,8769
019a0000-0000-7000-8000-000000000017,1755507600000,3,2,12957
019a0000-0000-7000-8000-000000000053,1755507600000,3,2,10539
019a0000-0000-7000-8000-000000000059,1755507600000,3,2,10172
019a0000-0000-7000-8000-000000000253,1755507600000,1,2,14755
019a0000-0000-7000-8000-000000000330,1755507600000,3,2,13937
019a0000-0000-7000-8000-000000000412,1755507600000,3,2,6111
019a0000-0000-7000-8000-000000000431,1755507600000,3,0,8529
019a0000-0000-7000-8000-000000000473,1755507600000,3,2,14999
019a0000-0000-7000-8000-000000000743,1755507600000,3,2,6988
019a0000-0000-7000-8000-000000000286,1755594000000,3,2,4820
019a0000-0000-7000-8000-000000000321,1755594000000,2,2,14256
019a0000-0000-7000-8000-000000000421,1755594000000,3,0,8660
019a0000-0000-7000-8000-000000000435,1755594000000,3,2,6261
019a0000-0000-7000-8000-000000000606,1755594000000,2,2,13317
019a0000-0000-7000-8000-000000000791,1755594000000,3,0,9710
019a0000-0000-7000-8000-000000000057,1755680400000,4,2,14560
019a0000-0000-7000-8000-000000000187,1755680400000,3,2,11250
019a0000-0000-7000-8000-000000000225,1755680400000,3,2,11820
019a0000-0000-7000-8000-000000000253,1755680400000,3,3,8835
019a0000-0000-7000-8000-000000000285,1755680400000,1,2,12129
019a0000-0000-7000-8000-000000000382,1755680400000,4,0,5834
019a0000-0000-7000-8000-000000000431,1755680400000,3,2,7673
019a0000-0000-7000-8000-000000000488,1755680400000,3,2,14319
019a0000-0000-7000-8000-000000000490,1755680400000,3,2,6421
019a0000-0000-7000-8000-000000000547,1755680400000,2,2,7251
019a0000-0000-7000-8000-000000000567,1755680400000,4,2,10417
019a0000-0000-7000-8000-000000000634,1755680400000,2,2,4971
019a0000-0000-7000-8000-000000000753,1755680400000,2,2,6523
019a0000-0000-7000-8000-000000000285,1755766800000,3,3,10870
019a0000-0000-7000-8000-000000000336,1755766800000,1,0,7242
019a0000-0000-7000-8000-000000000421,1755766800000,1,2,10295
019a0000-0000-7000-8000-000000000524,1755766800000,3,2,10737
019a0000-0000-7000-8000-000000000615,1755766800000,3,2,12802
019a0000-0000-7000-8000-000000000704,1755766800000,2,2,10450
019a0000-0000-7000-8000-000000000780,1755766800000,3,2,8693
019a0000-0000-7000-8000-000000000791,1755766800000,1,2,10794
019a0000-0000-7000-8000-000000000129,1755853200000,2,0,8663
019a0000-0000-7000-8000-000000000197,1755853200000,4,2,10639
019a0000-0000-7000-8000-000000000200,1755853200000,1,0,6244
019a0000-0000-7000-8000-000000000264,1755853200000,2,0,12765
019a0000-0000-7000-8000-000000000336,1755853200000,3,3,7361
019a0000-0000-7000-8000-000000000421,1755853200000,3,3,12813
019a0000-0000-7000-8000-000000000443,1755853200000,3,0,13513
019a0000-0000-7000-8000-000000000598,1755853200000,3,2,12832
019a0000-0000-7000-8000-000000000667,1755853200000,3,2,6380
019a0000-0000-7000-8000-000000000771,1755853200000,3,2,7121
019a0000-0000-7000-8000-000000000791,1755853200000,2,3,10485
019a0000-0000-7000-8000-000000000027,1755939600000,3,2,12677
019a0000-0000-7000-8000-000000000030,1755939600000,3,2,4154
019a0000-0000-7000-8000-000000000200,1755939600000,3,3,3958
019a0000-0000-7000-8000-000000000239,1755939600000,3,2,6743
019a0000-0000-7000-8000-000000000292,1755939600000,3,0,3277
019a0000-0000-7000-8000-000000000405,1755939600000,1,0,7789
019a0000-0000-7000-8000-000000000437,1755939600000,3,2,5613
019a0000-0000-7000-8000-000000000527,1755939600000,3,2,10256
019a0000-0000-7000-8000-000000000545,1755939600000,2,0,12951
019a0000-0000-7000-8000-000000000741,1755939600000,3,2,5354
019a0000-0000-7000-8000-000000000004,1756026000000,2,2,4349
019a0000-0000-7000-8000-000000000081,1756026000000,3,0,12403
019a0000-0000-7000-8000-000000000113,1756026000000,3,2,4457
019a0000-0000-7000-8000-000000000129,1756026000000,3,2,3417
019a0000-0000-7000-8000-000000000264,1756026000000,2,2,13234
019a0000-0000-7000-8000-000000000405,1756026000000,3,3,3845
019a0000-0000-7000-8000-000000000443,1756026000000,3,2,3724
019a0000-0000-7000-8000-000000000751,1756026000000,3,2,4940
019a0000-0000-7000-8000-000000000034,1756112400000,4,2,12326
019a0000-0000-7000-8000-000000000213,1756112400000,4,2,14045
019a0000-0000-7000-8000-000000000285,1756112400000,2,2,12500
019a0000-0000-7000-8000-000000000292,1756112400000,2,2,14938
019a0000-0000-7000-8000-000000000319,1756112400000,3,0,5002
019a0000-0000-7000-8000-000000000382,1756112400000,4,2,10254
019a0000-0000-7000-8000-000000000461,1756112400000,3,2,5544
019a0000-0000-7000-8000-000000000525,1756112400000,3,0,12689
019a0000-0000-7000-8000-000000000545,1756112400000,3,2,9652
019a0000-0000-7000-8000-000000000569,1756112400000,3,2,11920
019a0000-0000-7000-8000-000000000673,1756112400000,3,2,8094
019a0000-0000-7000-8000-000000000723,1756112400000,3,0,14843
019a0000-0000-7000-8000-000000000791,1756112400000,3,2,3718
019a0000-0000-7000-8000-000000000081,1756198800000,2,2,11968
019a0000-0000-7000-8000-000000000218,1756198800000,3,2,4331
019a0000-0000-7000-8000-000000000250,1756198800000,3,0,8562
019a0000-0000-7000-8000-000000000416,1756198800000,2,0,9061
019a0000-0000-7000-8000-000000000486,1756198800000,2,2,10007
019a0000-0000-7000-8000-000000000656,1756198800000,3,2,13800
019a0000-0000-7000-8000-000000000001,1756285200000,3,2,6980
019a0000-0000-7000-8000-000000000319,1756285200000,2,2,10235
019a0000-0000-7000-8000-000000000336,1756285200000,3,2,13527
019a0000-0000-7000-8000-000000000421,1756285200000,3,2,5511
019a0000-0000-7000-8000-000000000525,1756285200000,1,2,4808
019a0000-0000-7000-8000-000000000611,1756285200000,3,2,9119
019a0000-0000-7000-8000-000000000723,1756285200000,1,2,4519
019a0000-0000-7000-8000-000000000165,1756371600000,3,2,8858
019a0000-0000-7000-8000-000000000180,1756371600000,3,2,4478
019a0000-0000-7000-8000-000000000200,1756371600000,2,2,12568
019a0000-0000-7000-8000-000000000250,1756371600000,3,2,4245
019a0000-0000-7000-8000-000000000416,1756371600000,3,2,8435
019a0000-0000-7000-8000-000000000525,1756371600000,2,3,14909
019a0000-0000-7000-8000-000000000676,1756371600000,3,2,12906
019a0000-0000-7000-8000-000000000723,1756371600000,3,3,4651
019a0000-0000-7000-8000-000000000365,1756458000000,3,2,6421
019a0000-0000-7000-8000-000000000381,1756458000000,3,2,13504
019a0000-0000-7000-8000-000000000405,1756458000000,1,2,11266
019a0000-0000-7000-8000-000000000706,1756458000000,3,0,9026
019a0000-0000-7000-8000-000000000344,1756544400000,3,0,6511
019a0000-0000-7000-8000-000000000374,1756544400000,3,0,12905
019a0000-0000-7000-8000-000000000380,1756544400000,1,0,12515
019a0000-0000-7000-8000-000000000405,1756544400000,2,3,5241
019a0000-0000-7000-8000-000000000725,1756544400000,3,2,12876
019a0000-0000-7000-8000-000000000726,1756544400000,1,2,9049
019a0000-0000-7000-8000-000000000087,1756630800000,3,2,8246
019a0000-0000-7000-8000-000000000199,1756630800000,1,2,3342
019a0000-0000-7000-8000-000000000253,1756630800000,1,2,13204
019a0000-0000-7000-8000-000000000380,1756630800000,2,3,11286
019a0000-0000-7000-8000-000000000525,1756630800000,2,2,7502
019a0000-0000-7000-8000-000000000565,1756630800000,3,2,3631
019a0000-0000-7000-8000-000000000573,1756630800000,3,2,5254
019a0000-0000-7000-8000-000000000574,1756630800000,3,2,11917
019a0000-0000-7000-8000-000000000706,1756630800000,3,2,14271
019a0000-0000-7000-8000-000000000748,1756630800000,3,0,11837
019a0000-0000-7000-8000-000000000753,1756630800000,2,2,8578
019a0000-0000-7000-8000-000000000189,1756717200000,4,0,5146
019a0000-0000-7000-8000-000000000248,1756717200000,3,0,4180
019a0000-0000-7000-8000-000000000253,1756717200000,3,3,5721
019a0000-0000-7000-8000-000000000344,1756717200000,3,2,9473
019a0000-0000-7000-8000-000000000374,1756717200000,3,2,6797
019a0000-0000-7000-8000-000000000425,1756717200000,3,0,12970
019a0000-0000-7000-8000-000000000496,1756717200000,3,2,8544
019a0000-0000-7000-8000-000000000592,1756717200000,2,0,9803
019a0000-0000-7000-8000-000000000626,1756717200000,3,0,3475
019a0000-0000-7000-8000-000000000659,1756717200000,3,2,7612
019a0000-0000-7000-8000-000000000726,1756717200000,2,3,8214
019a0000-0000-7000-8000-000000000047,1756803600000,3,0,5619
019a0000-0000-7000-8000-000000000168,1756803600000,3,2,12529
019a0000-0000-7000-8000-000000000207,1756803600000,3,2,7007
019a0000-0000-7000-8000-000000000234,1756803600000,3,2,9573
019a0000-0000-7000-8000-000000000347,1756803600000,4,2,8441
019a0000-0000-7000-8000-000000000405,1756803600000,1,2,11382
019a0000-0000-7000-8000-000000000520,1756803600000,3,0,8217
019a0000-0000-7000-8000-000000000583,1756803600000,3,2,8738
019a0000-0000-7000-8000-000000000652,1756803600000,2,2,11755
019a0000-0000-7000-8000-000000000689,1756803600000,3,2,7946
019a0000-0000-7000-8000-000000000723,1756803600000,3,2,11747
019a0000-0000-7000-8000-000000000748,1756803600000,3,2,7365
019a0000-0000-7000-8000-000000000130,1756890000000,3,0,4984
019a0000-0000-7000-8000-000000000208,1756890000000,3,2,12956
019a0000-0000-7000-8000-000000000216,1756890000000,3,2,9564
019a0000-0000-7000-8000-000000000248,1756890000000,3,2,11372
019a0000-0000-7000-8000-000000000259,1756890000000,2,2,14534
019a0000-0000-7000-8000-000000000321,1756890000000,3,2,13134
019a0000-0000-7000-8000-000000000333,1756890000000,3,2,13092
019a0000-0000-7000-8000-000000000348,1756890000000,4,2,13726
019a0000-0000-7000-8000-000000000360,1756890000000,3,0,6895
019a0000-0000-7000-8000-000000000380,1756890000000,3,2,3911
019a0000-0000-7000-8000-000000000405,1756890000000,3,3,5600
019a0000-0000-7000-8000-000000000425,1756890000000,3,2,14285
019a0000-0000-7000-8000-000000000446,1756890000000,1,0,3698
019a0000-0000-7000-8000-000000000480,1756890000000,2,2,5227
019a0000-0000-7000-8000-000000000592,1756890000000,3,2,10246
019a0000-0000-7000-8000-000000000626,1756890000000,3,2,12474
019a0000-0000-7000-8000-000000000752,1756890000000,2,2,7020
019a0000-0000-7000-8000-000000000033,1756976400000,3,0,6549
019a0000-0000-7000-8000-000000000043,1756976400000,3,0,14196
019a0000-0000-7000-8000-000000000047,1756976400000,3,2,12706
019a0000-0000-7000-8000-000000000112,1756976400000,3,0,5304
019a0000-0000-7000-8000-000000000191,1756976400000,1,0,13077
019a0000-0000-7000-8000-000000000264,1756976400000,3,2,4760
019a0000-0000-7000-8000-000000000285,1756976400000,3,2,8107
019a0000-0000-7000-8000-000000000436,1756976400000,2,2,9082
019a0000-0000-7000-8000-000000000446,1756976400000,1,3,6495
019a0000-0000-7000-8000-000000000520,1756976400000,3,2,11705
019a0000-0000-7000-8000-000000000549,1756976400000,3,2,3846
019a0000-0000-7000-8000-000000000130,1757062800000,1,2,7614
019a0000-0000-7000-8000-000000000191,1757062800000,3,3,14256
019a0000-0000-7000-8000-000000000253,1757062800000,3,2,9785
019a0000-0000-7000-8000-000000000318,1757062800000,3,2,9617
019a0000-0000-7000-8000-000000000326,1757062800000,3,2,8030
019a0000-0000-7000-8000-000000000360,1757062800000,3,2,3730
019a0000-0000-7000-8000-000000000405,1757062800000,3,2,3457
019a0000-0000-7000-8000-000000000446,1757062800000,1,3,5807
019a0000-0000-7000-8000-000000000014,1757149200000,3,0,3403
019a0000-0000-7000-8000-000000000033,1757149200000,4,2,11458
019a0000-0000-7000-8000-000000000043,1757149200000,3,2,10217
019a0000-0000-7000-8000-000000000102,1757149200000,4,2,5746
019a0000-0000-7000-8000-000000000112,1757149200000,2,2,11799
019a0000-0000-7000-8000-000000000130,1757149200000,3,3,10472
019a0000-0000-7000-8000-000000000189,1757149200000,3,2,12327
019a0000-0000-7000-8000-000000000233,1757149200000,3,0,12193
019a0000-0000-7000-8000-000000000346,1757149200000,2,0,10462
019a0000-0000-7000-8000-000000000395,1757149200000,3,0,14295
019a0000-0000-7000-8000-000000000446,1757149200000,3,3,6551
019a0000-0000-7000-8000-000000000563,1757149200000,3,2,7036
019a0000-0000-7000-8000-000000000693,1757149200000,2,2,3460
019a0000-0000-7000-8000-000000000136,1757235600000,3,2,6824
019a0000-0000-7000-8000-000000000317,1757235600000,3,2,8739
019a0000-0000-7000-8000-000000000446,1757235600000,3,2,8277
019a0000-0000-7000-8000-000000000459,1757235600000,3,2,4440
019a0000-0000-7000-8000-000000000460,1757235600000,2,2,6362
019a0000-0000-7000-8000-000000000463,1757235600000,3,0,12095
019a0000-0000-7000-8000-000000000593,1757235600000,3,2,4594
019a0000-0000-7000-8000-000000000636,1757235600000,3,0,14179
019a0000-0000-7000-8000-000000000726,1757235600000,3,2,7282
019a0000-0000-7000-8000-000000000791,1757235600000,3,2,13304
019a0000-0000-7000-8000-000000000014,1757322000000,2,2,8186
019a0000-0000-7000-8000-000000000233,1757322000000,3,2,5304
019a0000-0000-7000-8000-000000000346,1757322000000,3,2,13304
019a0000-0000-7000-8000-000000000395,1757322000000,3,2,10051
019a0000-0000-7000-8000-000000000559,1757322000000,3,2,12070
019a0000-0000-7000-8000-000000000677,1757322000000,1,2,8145
019a0000-0000-7000-8000-000000000024,1757408400000,4,0,12341
019a0000-0000-7000-8000-000000000129,1757408400000,4,2,10889
019a0000-0000-7000-8000-000000000151,1757408400000,4,0,12998
019a0000-0000-7000-8000-000000000292,1757408400000,3,2,14373
019a0000-0000-7000-8000-000000000337,1757408400000,2,2,5433
019a0000-0000-7000-8000-000000000371,1757408400000,1,0,14558
019a0000-0000-7000-8000-000000000463,1757408400000,3,2,7121
019a0000-0000-7000-8000-000000000525,1757408400000,3,2,5918
019a0000-0000-7000-8000-000000000636,1757408400000,4,2,4677
019a0000-0000-7000-8000-000000000742,1757408400000,3,0,14422
019a0000-0000-7000-8000-000000000081,1757494800000,3,2,11051
019a0000-0000-7000-8000-000000000152,1757494800000,2,0,9750
019a0000-0000-7000-8000-000000000191,1757494800000,3,2,13254
019a0000-0000-7000-8000-000000000221,1757494800000,2,2,10118
019a0000-0000-7000-8000-000000000371,1757494800000,4,3,4194
019a0000-0000-7000-8000-000000000446,1757494800000,3,2,12672
019a0000-0000-7000-8000-000000000545,1757494800000,3,2,8351
019a0000-0000-7000-8000-000000000589,1757494800000,3,0,9407
019a0000-0000-7000-8000-000000000724,1757494800000,3,2,10000
019a0000-0000-7000-8000-000000000743,1757494800000,3,2,5395
019a0000-0000-7000-8000-000000000130,1757581200000,3,2,10518
019a0000-0000-7000-8000-000000000149,1757581200000,1,0,3853
019a0000-0000-7000-8000-000000000187,1757581200000,3,2,4309
019a0000-0000-7000-8000-000000000313,1757581200000,2,2,5524
019a0000-0000-7000-8000-000000000319,1757581200000,3,2,4670
019a0000-0000-7000-8000-000000000668,1757581200000,1,0,8353
019a0000-0000-7000-8000-000000000742,1757581200000,2,2,12881
019a0000-0000-7000-8000-000000000149,1757667600000,3,3,10675
019a0000-0000-7000-8000-000000000152,1757667600000,3,2,6488
019a0000-0000-7000-8000-000000000205,1757667600000,3,2,4129
019a0000-0000-7000-8000-000000000431,1757667600000,3,2,7747
019a0000-0000-7000-8000-000000000589,1757667600000,1,2,14977
019a0000-0000-7000-8000-000000000660,1757667600000,4,0,9621
019a0000-0000-7000-8000-000000000668,1757667600000,3,3,11423
019a0000-0000-7000-8000-000000000206,1757754000000,2,2,11210
019a0000-0000-7000-8000-000000000262,1757754000000,2,2,13287
019a0000-0000-7000-8000-000000000273,1757754000000,2,0,7615
019a0000-0000-7000-8000-000000000341,1757754000000,1,0,4165
019a0000-0000-7000-8000-000000000376,1757754000000,1,2,7642
019a0000-0000-7000-8000-000000000416,1757754000000,3,2,9411
019a0000-0000-7000-8000-000000000508,1757754000000,2,2,4268
019a0000-0000-7000-8000-000000000589,1757754000000,3,3,3987
019a0000-0000-7000-8000-000000000677,1757754000000,3,3,14908
019a0000-0000-7000-8000-000000000018,1757840400000,4,0,7949
019a0000-0000-7000-8000-000000000024,1757840400000,2,2,10247
019a0000-0000-7000-8000-000000000146,1757840400000,3,2,10155
019a0000-0000-7000-8000-000000000151,1757840400000,3,2,10959
019a0000-0000-7000-8000-000000000341,1757840400000,3,3,6581
019a0000-0000-7000-8000-000000000388,1757840400000,4,0,11453
019a0000-0000-7000-8000-000000000503,1757840400000,3,2,4631
019a0000-0000-7000-8000-000000000212,1757926800000,4,0,9124
019a0000-0000-7000-8000-000000000273,1757926800000,3,2,5173
019a0000-0000-7000-8000-000000000464,1757926800000,3,2,10837
019a0000-0000-7000-8000-000000000179,1758013200000,3,0,8121
019a0000-0000-7000-8000-000000000278,1758013200000,1,0,8538
019a0000-0000-7000-8000-000000000310,1758013200000,3,0,14607
019a0000-0000-7000-8000-000000000351,1758013200000,3,2,9548
019a0000-0000-7000-8000-000000000363,1758013200000,2,0,5455
019a0000-0000-7000-8000-000000000373,1758013200000,1,0,5242
019a0000-0000-7000-8000-000000000443,1758013200000,4,2,11090
019a0000-0000-7000-8000-000000000552,1758013200000,3,0,11829
019a0000-0000-7000-8000-000000000700,1758013200000,3,2,11458
019a0000-0000-7000-8000-000000000035,1758099600000,2,2,12902
019a0000-0000-7000-8000-000000000149,1758099600000,3,2,12158
019a0000-0000-7000-8000-000000000190,1758099600000,1,0,6185
019a0000-0000-7000-8000-000000000278,1758099600000,3,3,5382
019a0000-0000-7000-8000-000000000373,1758099600000,2,3,12758
019a0000-0000-7000-8000-000000000390,1758099600000,1,0,6886
019a0000-0000-7000-8000-000000000534,1758099600000,3,2,11061
019a0000-0000-7000-8000-000000000562,1758099600000,3,0,3143
019a0000-0000-7000-8000-000000000660,1758099600000,3,2,9848
019a0000-0000-7000-8000-000000000662,1758099600000,3,2,8490
019a0000-0000-7000-8000-000000000668,1758099600000,3,2,9736
019a0000-0000-7000-8000-000000000179,1758186000000,3,2,4704
019a0000-0000-7000-8000-000000000190,1758186000000,3,3,5432
019a0000-0000-7000-8000-000000000200,1758186000000,3,2,10058
019a0000-0000-7000-8000-000000000279,1758186000000,3,0,11176
019a0000-0000-7000-8000-000000000310,1758186000000,3,2,8928
019a0000-0000-7000-8000-000000000315,1758186000000,3,2,7436
019a0000-0000-7000-8000-000000000363,1758186000000,3,2,11960
019a0000-0000-7000-8000-000000000376,1758186000000,3,3,6874
019a0000-0000-7000-8000-000000000390,1758186000000,3,3,12094
019a0000-0000-7000-8000-000000000446,1758186000000,3,2,5887
019a0000-0000-7000-8000-000000000471,1758186000000,3,2,13400
019a0000-0000-7000-8000-000000000552,1758186000000,2,2,6758
019a0000-0000-7000-8000-000000000589,1758186000000,1,2,10474
019a0000-0000-7000-8000-000000000644,1758186000000,3,2,11194
019a0000-0000-7000-8000-000000000018,1758272400000,2,2,5550
019a0000-0000-7000-8000-000000000224,1758272400000,1,0,3007
019a0000-0000-7000-8000-000000000341,1758272400000,3,2,7856
019a0000-0000-7000-8000-000000000380,1758272400000,3,2,3769
019a0000-0000-7000-8000-000000000386,1758272400000,3,2,11229
019a0000-0000-7000-8000-000000000388,1758272400000,3,2,6455
019a0000-0000-7000-8000-000000000412,1758272400000,3,2,3533
019a0000-0000-7000-8000-000000000458,1758272400000,2,2,4721
019a0000-0000-7000-8000-000000000562,1758272400000,2,2,3722
019a0000-0000-7000-8000-000000000589,1758272400000,3,3,6833
019a0000-0000-7000-8000-000000000592,1758272400000,4,2,9184
019a0000-0000-7000-8000-000000000711,1758272400000,2,2,9432
019a0000-0000-7000-8000-000000000212,1758358800000,3,2,8643
019a0000-0000-7000-8000-000000000224,1758358800000,3,3,13720
019a0000-0000-7000-8000-000000000250,1758358800000,2,2,11982
019a0000-0000-7000-8000-000000000274,1758358800000,3,2,4551
019a0000-0000-7000-8000-000000000279,1758358800000,1,2,6985
019a0000-0000-7000-8000-000000000307,1758358800000,4,0,4791
019a0000-0000-7000-8000-000000000338,1758358800000,3,0,10294
019a0000-0000-7000-8000-000000000371,1758358800000,2,2,4909
019a0000-0000-7000-8000-000000000373,1758358800000,1,2,14167
019a0000-0000-7000-8000-000000000023,1758445200000,3,2,3180
019a0000-0000-7000-8000-000000000112,1758445200000,2,2,8350
019a0000-0000-7000-8000-000000000120,1758445200000,3,2,10846
019a0000-0000-7000-8000-000000000225,1758445200000,3,2,14958
019a0000-0000-7000-8000-000000000230,1758445200000,1,0,3804
019a0000-0000-7000-8000-000000000231,1758445200000,3,0,11732
019a0000-0000-7000-8000-000000000279,1758445200000,2,3,14847
019a0000-0000-7000-8000-000000000373,1758445200000,3,3,6740
019a0000-0000-7000-8000-000000000421,1758445200000,3,2,9030
019a0000-0000-7000-8000-000000000578,1758445200000,3,2,14537
019a0000-0000-7000-8000-000000000194,1758531600000,1,2,8443
019a0000-0000-7000-8000-000000000201,1758531600000,2,0,14468
019a0000-0000-7000-8000-000000000230,1758531600000,1,3,5179
019a0000-0000-7000-8000-000000000278,1758531600000,3,2,4394
019a0000-0000-7000-8000-000000000316,1758531600000,3,0,8815
019a0000-0000-7000-8000-000000000338,1758531600000,3,2,9220
019a0000-0000-7000-8000-000000000339,1758531600000,4,2,9480
019a0000-0000-7000-8000-000000000589,1758531600000,3,2,6683
019a0000-0000-7000-8000-000000000740,1758531600000,3,0,10014
019a0000-0000-7000-8000-000000000014,1758618000000,3,2,12209
019a0000-0000-7000-8000-000000000116,1758618000000,3,2,12343
019a0000-0000-7000-8000-000000000121,1758618000000,3,2,7928
019a0000-0000-7000-8000-000000000190,1758618000000,3,2,14113
019a0000-0000-7000-8000-000000000230,1758618000000,3,3,10074
019a0000-0000-7000-8000-000000000231,1758618000000,3,2,9528
019a0000-0000-7000-8000-000000000390,1758618000000,3,2,9590
019a0000-0000-7000-8000-000000000445,1758618000000,3,2,11099
019a0000-0000-7000-8000-000000000531,1758618000000,3,2,12705
019a0000-0000-7000-8000-000000000691,1758618000000,1,0,5305
019a0000-0000-7000-8000-000000000706,1758618000000,3,2,8094
019a0000-0000-7000-8000-000000000773,1758618000000,3,0,3166
019a0000-0000-7000-8000-000000000133,1758704400000,3,2,12304
019a0000-0000-7000-8000-000000000201,1758704400000,3,2,4296
019a0000-0000-7000-8000-000000000279,1758704400000,3,2,11490
019a0000-0000-7000-8000-000000000316,1758704400000,1,2,12880
019a0000-0000-7000-8000-000000000344,1758704400000,1,2,5621
019a0000-0000-7000-8000-000000000346,1758704400000,2,2,12672
019a0000-0000-7000-8000-000000000373,1758704400000,4,2,13018
019a0000-0000-7000-8000-000000000374,1758704400000,2,2,6253
019a0000-0000-7000-8000-000000000691,1758704400000,3,3,10432
019a0000-0000-7000-8000-000000000740,1758704400000,3,2,5581
019a0000-0000-7000-8000-000000000143,1758790800000,3,0,13151
019a0000-0000-7000-8000-000000000224,1758790800000,2,2,8120
019a0000-0000-7000-8000-000000000230,1758790800000,3,2,11662
019a0000-0000-7000-8000-000000000268,1758790800000,3,2,14693
019a0000-0000-7000-8000-000000000307,1758790800000,2,2,3014
019a0000-0000-7000-8000-000000000316,1758790800000,3,3,14962
019a0000-0000-7000-8000-000000000618,1758790800000,3,0,9685
019a0000-0000-7000-8000-000000000726,1758790800000,3,2,12445
019a0000-0000-7000-8000-000000000748,1758790800000,3,2,3863
019a0000-0000-7000-8000-000000000768,1758790800000,3,2,6181
019a0000-0000-7000-8000-000000000773,1758790800000,3,2,6851
019a0000-0000-7000-8000-000000000797,1758790800000,3,2,6832
019a0000-0000-7000-8000-000000000006,1758877200000,3,2,6873
019a0000-0000-7000-8000-000000000056,1758877200000,1,0,11726
019a0000-0000-7000-8000-000000000173,1758877200000,3,0,8396
019a0000-0000-7000-8000-000000000248,1758877200000,1,2,7696
019a0000-0000-7000-8000-000000000344,1758877200000,2,3,12592
019a0000-0000-7000-8000-000000000425,1758877200000,3,2,8351
019a0000-0000-7000-8000-000000000521,1758877200000,3,0,3728
019a0000-0000-7000-8000-000000000626,1758877200000,4,2,11215
019a0000-0000-7000-8000-000000000742,1758877200000,2,2,11806
019a0000-0000-7000-8000-000000000767,1758877200000,2,2,11741
019a0000-0000-7000-8000-000000000020,1758963600000,3,2,3192
019a0000-0000-7000-8000-000000000041,1758963600000,3,2,4093
019a0000-0000-7000-8000-000000000047,1758963600000,1,2,6359
019a0000-0000-7000-8000-000000000051,1758963600000,1,2,11075
019a0000-0000-7000-8000-000000000056,1758963600000,1,3,8257
019a0000-0000-7000-8000-000000000069,1758963600000,3,0,11088
019a0000-0000-7000-8000-000000000143,1758963600000,3,2,6117
019a0000-0000-7000-8000-000000000194,1758963600000,3,3,12829
019a0000-0000-7000-8000-000000000399,1758963600000,3,0,11093
019a0000-0000-7000-8000-000000000520,1758963600000,3,2,5748
019a0000-0000-7000-8000-000000000618,1758963600000,3,2,14044
019a0000-0000-7000-8000-000000000653,1758963600000,3,2,13663
019a0000-0000-7000-8000-000000000658,1758963600000,3,2,10162
019a0000-0000-7000-8000-000000000723,1758963600000,3,2,13457
019a0000-0000-7000-8000-000000000056,1759050000000,3,3,6529
019a0000-0000-7000-8000-000000000068,1759050000000,2,2,3684
019a0000-0000-7000-8000-000000000145,1759050000000,1,0,9824
019a0000-0000-7000-8000-000000000152,1759050000000,2,2,8840
019a0000-0000-7000-8000-000000000173,1759050000000,2,2,7211
019a0000-0000-7000-8000-000000000248,1759050000000,4,3,10559
019a0000-0000-7000-8000-000000000336,1759050000000,2,2,5553
019a0000-0000-7000-8000-000000000360,1759050000000,3,2,14650
019a0000-0000-7000-8000-000000000485,1759050000000,3,2,7088
019a0000-0000-7000-8000-000000000521,1759050000000,3,2,10339
019a0000-0000-7000-8000-000000000744,1759050000000,2,2,9700
019a0000-0000-7000-8000-000000000755,1759050000000,3,0,13451
019a0000-0000-7000-8000-000000000043,1759136400000,2,2,10724
019a0000-0000-7000-8000-000000000047,1759136400000,1,3,6465
019a0000-0000-7000-8000-000000000069,1759136400000,1,2,12863
019a0000-0000-7000-8000-000000000125,1759136400000,2,0,8958
019a0000-0000-7000-8000-000000000134,1759136400000,3,0,11221
019a0000-0000-7000-8000-000000000145,1759136400000,3,3,8532
019a0000-0000-7000-8000-000000000169,1759136400000,2,2,8264
019a0000-0000-7000-8000-000000000242,1759136400000,3,0,12998
019a0000-0000-7000-8000-000000000350,1759136400000,3,2,10386
019a0000-0000-7000-8000-000000000399,1759136400000,3,2,14539
019a0000-0000-7000-8000-000000000577,1759136400000,1,0,8821
019a0000-0000-7000-8000-000000000691,1759136400000,4,2,12773
019a0000-0000-7000-8000-000000000729,1759136400000,3,0,13420
019a0000-0000-7000-8000-000000000753,1759136400000,2,2,9250
019a0000-0000-7000-8000-000000000011,1759222800000,3,2,3648
019a0000-0000-7000-8000-000000000047,1759222800000,4,3,14546
019a0000-0000-7000-8000-000000000056,1759222800000,3,2,10895
019a0000-0000-7000-8000-000000000069,1759222800000,3,3,10010
019a0000-0000-7000-8000-000000000126,1759222800000,1,0,10767
019a0000-0000-7000-8000-000000000283,1759222800000,3,0,4034
019a0000-0000-7000-8000-000000000316,1759222800000,3,2,11228
019a0000-0000-7000-8000-000000000438,1759222800000,3,0,10788
019a0000-0000-7000-8000-000000000455,1759222800000,3,2,12356
019a0000-0000-7000-8000-000000000577,1759222800000,3,3,9870
019a0000-0000-7000-8000-000000000631,1759222800000,3,0,14779
019a0000-0000-7000-8000-000000000690,1759222800000,3,0,3806
019a0000-0000-7000-8000-000000000755,1759222800000,3,2,13999
019a0000-0000-7000-8000-000000000125,1759309200000,3,2,10374
019a0000-0000-7000-8000-000000000126,1759309200000,3,3,5830
019a0000-0000-7000-8000-000000000134,1759309200000,3,2,12996
019a0000-0000-7000-8000-000000000214,1759309200000,3,2,11518
019a0000-0000-7000-8000-000000000219,1759309200000,3,0,9627
019a0000-0000-7000-8000-000000000233,1759309200000,3,2,14956
019a0000-0000-7000-8000-000000000242,1759309200000,3,2,8125
019a0000-0000-7000-8000-000000000273,1759309200000,1,2,7627
019a0000-0000-7000-8000-000000000297,1759309200000,3,2,13126
019a0000-0000-7000-8000-000000000395,1759309200000,3,2,13168
019a0000-0000-7000-8000-000000000729,1759309200000,3,2,14546
019a0000-0000-7000-8000-000000000781,1759309200000,2,0,9319
019a0000-0000-7000-8000-000000000051,1759395600000,3,3,7639
019a0000-0000-7000-8000-000000000073,1759395600000,1,0,7367
019a0000-0000-7000-8000-000000000230,1759395600000,3,2,4255
019a0000-0000-7000-8000-000000000283,1759395600000,3,2,7969
019a0000-0000-7000-8000-000000000438,1759395600000,3,2,5743
019a0000-0000-7000-8000-000000000463,1759395600000,3,2,10718
019a0000-0000-7000-8000-000000000505,1759395600000,3,0,7241
019a0000-0000-7000-8000-000000000558,1759395600000,3,2,11678
019a0000-0000-7000-8000-000000000589,1759395600000,3,2,13962
019a0000-0000-7000-8000-000000000631,1759395600000,3,2,11645
019a0000-0000-7000-8000-000000000666,1759395600000,3,2,9351
019a0000-0000-7000-8000-000000000690,1759395600000,4,2,14642
019a0000-0000-7000-8000-000000000784,1759395600000,1,2,10377
019a0000-0000-7000-8000-000000000073,1759482000000,3,3,12609
019a0000-0000-7000-8000-000000000219,1759482000000,2,2,7941
019a0000-0000-7000-8000-000000000273,1759482000000,1,3,8106
019a0000-0000-7000-8000-000000000285,1759482000000,4,2,14859
019a0000-0000-7000-8000-000000000465,1759482000000,3,0,13616
019a0000-0000-7000-8000-000000000552,1759482000000,2,2,5373
019a0000-0000-7000-8000-000000000763,1759482000000,4,0,14760
019a0000-0000-7000-8000-000000000781,1759482000000,3,2,8865
019a0000-0000-7000-8000-000000000048,1759568400000,3,2,3036
019a0000-0000-7000-8000-000000000145,1759568400000,2,2,4231
019a0000-0000-7000-8000-000000000273,1759568400000,2,3,3045
019a0000-0000-7000-8000-000000000296,1759568400000,3,0,11657
019a0000-0000-7000-8000-000000000331,1759568400000,3,2,12537
019a0000-0000-7000-8000-000000000344,1759568400000,1,2,8182
019a0000-0000-7000-8000-000000000363,1759568400000,3,2,14511
019a0000-0000-7000-8000-000000000426,1759568400000,2,0,6995
019a0000-0000-7000-8000-000000000505,1759568400000,3,2,6724
019a0000-0000-7000-8000-000000000562,1759568400000,3,2,10202
019a0000-0000-7000-8000-000000000047,1759654800000,3,2,7149
019a0000-0000-7000-8000-000000000069,1759654800000,3,2,4857
019a0000-0000-7000-8000-000000000290,1759654800000,2,2,14966
019a0000-0000-7000-8000-000000000344,1759654800000,2,3,5215
019a0000-0000-7000-8000-000000000465,1759654800000,3,2,14915
019a0000-0000-7000-8000-000000000469,1759654800000,3,2,6272
019a0000-0000-7000-8000-000000000570,1759654800000,3,0,3194
019a0000-0000-7000-8000-000000000577,1759654800000,2,2,14392
019a0000-0000-7000-8000-000000000584,1759654800000,3,0,6192
019a0000-0000-7000-8000-000000000126,1759741200000,3,2,5415
019a0000-0000-7000-8000-000000000130,1759741200000,3,2,13030
019a0000-0000-7000-8000-000000000273,1759741200000,3,2,11495
019a0000-0000-7000-8000-000000000296,1759741200000,1,2,7201
019a0000-0000-7000-8000-000000000426,1759741200000,3,2,13583
019a0000-0000-7000-8000-000000000609,1759741200000,1,0,5603
019a0000-0000-7000-8000-000000000625,1759741200000,3,2,11273
019a0000-0000-7000-8000-000000000784,1759741200000,3,3,12111
019a0000-0000-7000-8000-000000000056,1759827600000,3,2,14472
019a0000-0000-7000-8000-000000000279,1759827600000,2,2,12034
019a0000-0000-7000-8000-000000000296,1759827600000,3,3,10330
019a0000-0000-7000-8000-000000000354,1759827600000,3,0,12277
019a0000-0000-7000-8000-000000000538,1759827600000,3,0,11636
019a0000-0000-7000-8000-000000000570,1759827600000,2,2,8343
019a0000-0000-7000-8000-000000000584,1759827600000,2,2,10048
019a0000-0000-7000-8000-000000000609,1759827600000,3,3,13394
019a0000-0000-7000-8000-000000000703,1759827600000,3,2,4411
019a0000-0000-7000-8000-000000000016,1759914000000,3,2,10599
019a0000-0000-7000-8000-000000000054,1759914000000,3,2,4762
019a0000-0000-7000-8000-000000000058,1759914000000,2,2,9450
019a0000-0000-7000-8000-000000000073,1759914000000,3,2,7519
019a0000-0000-7000-8000-000000000344,1759914000000,3,2,10945
019a0000-0000-7000-8000-000000000362,1759914000000,3,0,8174
019a0000-0000-7000-8000-000000000763,1759914000000,1,2,7505
019a0000-0000-7000-8000-000000000039,1760000400000,3,2,6892
019a0000-0000-7000-8000-000000000045,1760000400000,3,0,12709
019a0000-0000-7000-8000-000000000066,1760000400000,3,0,3378
019a0000-0000-7000-8000-000000000076,1760000400000,3,2,13163
019a0000-0000-7000-8000-000000000238,1760000400000,3,0,14128
019a0000-0000-7000-8000-000000000244,1760000400000,2,0,4162
019a0000-0000-7000-8000-000000000354,1760000400000,2,2,14398
019a0000-0000-7000-8000-000000000373,1760000400000,3,2,11892
019a0000-0000-7000-8000-000000000502,1760000400000,3,2,12606
019a0000-0000-7000-8000-000000000525,1760000400000,3,2,11680
019a0000-0000-7000-8000-000000000538,1760000400000,2,2,9720
019a0000-0000-7000-8000-000000000677,1760000400000,3,2,12511
019a0000-0000-7000-8000-000000000715,1760000400000,1,0,10312
019a0000-0000-7000-8000-000000000763,1760000400000,3,3,4329
019a0000-0000-7000-8000-000000000144,1760086800000,1,0,9383
019a0000-0000-7000-8000-000000000175,1760086800000,3,2,4280
019a0000-0000-7000-8000-000000000201,1760086800000,3,2,14367
019a0000-0000-7000-8000-000000000353,1760086800000,2,2,14655
019a0000-0000-7000-8000-000000000362,1760086800000,3,2,7740
019a0000-0000-7000-8000-000000000715,1760086800000,3,3,4666
019a0000-0000-7000-8000-000000000770,1760086800000,1,0,14776
019a0000-0000-7000-8000-000000000045,1760173200000,1,2,3303
019a0000-0000-7000-8000-000000000064,1760173200000,1,0,3170
019a0000-0000-7000-8000-000000000066,1760173200000,2,2,13549
019a0000-0000-7000-8000-000000000144,1760173200000,3,3,12698
019a0000-0000-7000-8000-000000000179,1760173200000,4,2,3606
019a0000-0000-7000-8000-000000000238,1760173200000,2,2,14689
019a0000-0000-7000-8000-000000000244,1760173200000,3,2,3469
019a0000-0000-7000-8000-000000000273,1760173200000,3,2,13020
019a0000-0000-7000-8000-000000000310,1760173200000,3,2,12085
019a0000-0000-7000-8000-000000000489,1760173200000,3,2,11050
019a0000-0000-7000-8000-000000000770,1760173200000,3,3,13426
019a0000-0000-7000-8000-000000000042,1760259600000,2,2,13457
019a0000-0000-7000-8000-000000000045,1760259600000,3,3,6923
019a0000-0000-7000-8000-000000000064,1760259600000,3,3,4911
019a0000-0000-7000-8000-000000000191,1760259600000,2,2,6634
019a0000-0000-7000-8000-000000000294,1760259600000,3,0,4641
019a0000-0000-7000-8000-000000000296,1760259600000,3,2,13628
019a0000-0000-7000-8000-000000000444,1760259600000,1,2,12811
019a0000-0000-7000-8000-000000000450,1760259600000,2,2,4367
019a0000-0000-7000-8000-000000000609,1760259600000,3,2,7305
019a0000-0000-7000-8000-000000000739,1760259600000,3,2,9637
019a0000-0000-7000-8000-000000000079,1760346000000,1,2,11873
019a0000-0000-7000-8000-000000000173,1760346000000,3,2,5798
019a0000-0000-7000-8000-000000000181,1760346000000,4,2,11959
019a0000-0000-7000-8000-000000000192,1760346000000,3,2,9378
019a0000-0000-7000-8000-000000000193,1760346000000,3,2,9811
019a0000-0000-7000-8000-000000000343,1760346000000,3,0,5900
019a0000-0000-7000-8000-000000000721,1760346000000,3,0,12031
019a0000-0000-7000-8000-000000000092,1760432400000,2,2,4952
019a0000-0000-7000-8000-000000000103,1760432400000,3,0,7083
019a0000-0000-7000-8000-000000000294,1760432400000,3,2,9223
019a0000-0000-7000-8000-000000000376,1760432400000,3,2,5083
019a0000-0000-7000-8000-000000000384,1760432400000,1,0,9363
019a0000-0000-7000-8000-000000000448,1760432400000,3,2,8873
019a0000-0000-7000-8000-000000000597,1760432400000,1,2,9148
019a0000-0000-7000-8000-000000000796,1760432400000,3,2,3292
019a0000-0000-7000-8000-000000000012,1760518800000,3,0,6871
019a0000-0000-7000-8000-000000000159,1760518800000,3,0,4106
019a0000-0000-7000-8000-000000000255,1760518800000,4,0,14303
019a0000-0000-7000-8000-000000000338,1760518800000,3,2,10144
019a0000-0000-7000-8000-000000000343,1760518800000,1,2,5718
019a0000-0000-7000-8000-000000000368,1760518800000,3,0,7065
019a0000-0000-7000-8000-000000000384,1760518800000,3,3,13166
019a0000-0000-7000-8000-000000000681,1760518800000,2,0,6898
019a0000-0000-7000-8000-000000000715,1760518800000,3,2,5541
019a0000-0000-7000-8000-000000000720,1760518800000,3,2,8703
019a0000-0000-7000-8000-000000000721,1760518800000,3,2,11481
019a0000-0000-7000-8000-000000000737,1760518800000,3,0,9796
019a0000-0000-7000-8000-000000000103,1760605200000,2,2,14580
019a0000-0000-7000-8000-000000000144,1760605200000,2,2,5998
019a0000-0000-7000-8000-000000000209,1760605200000,1,0,14233
019a0000-0000-7000-8000-000000000224,1760605200000,2,2,14241
019a0000-0000-7000-8000-000000000231,1760605200000,3,2,10404
019a0000-0000-7000-8000-000000000343,1760605200000,3,3,11881
019a0000-0000-7000-8000-000000000444,1760605200000,2,3,7587
019a0000-0000-7000-8000-000000000513,1760605200000,1,0,6707
019a0000-0000-7000-8000-000000000573,1760605200000,3,2,12219
019a0000-0000-7000-8000-000000000685,1760605200000,1,2,10993
019a0000-0000-7000-8000-000000000763,1760605200000,2,2,9539
019a0000-0000-7000-8000-000000000770,1760605200000,3,2,6711
019a0000-0000-7000-8000-000000000012,1760691600000,3,2,4863
019a0000-0000-7000-8000-000000000045,1760691600000,2,2,7451
019a0000-0000-7000-8000-000000000052,1760691600000,3,2,4817
019a0000-0000-7000-8000-000000000064,1760691600000,3,2,6921
019a0000-0000-7000-8000-000000000125,1760691600000,2,2,6262
019a0000-0000-7000-8000-000000000159,1760691600000,3,2,4977
019a0000-0000-7000-8000-000000000166,1760691600000,3,2,9879
019a0000-0000-7000-8000-000000000209,1760691600000,1,3,7240
019a0000-0000-7000-8000-000000000248,1760691600000,1,2,4095
019a0000-0000-7000-8000-000000000358,1760691600000,3,0,4937
019a0000-0000-7000-8000-000000000368,1760691600000,1,2,12896
019a0000-0000-7000-8000-000000000476,1760691600000,2,0,4619
019a0000-0000-7000-8000-000000000513,1760691600000,4,3,11876
019a0000-0000-7000-8000-000000000542,1760691600000,3,2,11899
019a0000-0000-7000-8000-000000000579,1760691600000,3,2,12843
019a0000-0000-7000-8000-000000000681,1760691600000,3,2,6932
019a0000-0000-7000-8000-000000000714,1760691600000,3,0,14843
019a0000-0000-7000-8000-000000000737,1760691600000,2,2,12406
019a0000-0000-7000-8000-000000000740,1760691600000,3,2,12642
019a0000-0000-7000-8000-000000000008,1760778000000,2,2,11793
019a0000-0000-7000-8000-000000000033,1760778000000,3,2,4311
019a0000-0000-7000-8000-000000000079,1760778000000,2,3,3793
019a0000-0000-7000-8000-000000000124,1760778000000,3,0,7394
019a0000-0000-7000-8000-000000000209,1760778000000,2,3,7022
019a0000-0000-7000-8000-000000000219,1760778000000,3,2,5346
019a0000-0000-7000-8000-000000000368,1760778000000,3,3,10235
019a0000-0000-7000-8000-000000000369,1760778000000,3,0,10060
019a0000-0000-7000-8000-000000000597,1760778000000,3,3,14878
019a0000-0000-7000-8000-000000000773,1760778000000,2,2,3608
019a0000-0000-7000-8000-000000000098,1760864400000,3,2,12488
019a0000-0000-7000-8000-000000000149,1760864400000,3,2,5868
019a0000-0000-7000-8000-000000000209,1760864400000,3,2,11862
019a0000-0000-7000-8000-000000000248,1760864400000,1,3,6801
019a0000-0000-7000-8000-000000000281,1760864400000,3,2,13888
019a0000-0000-7000-8000-000000000324,1760864400000,1,2,12590
019a0000-0000-7000-8000-000000000358,1760864400000,2,2,10582
019a0000-0000-7000-8000-000000000476,1760864400000,1,2,11749
019a0000-0000-7000-8000-000000000668,1760864400000,2,2,4655
019a0000-0000-7000-8000-000000000714,1760864400000,3,2,8759
019a0000-0000-7000-8000-000000000781,1760864400000,3,2,3311
019a0000-0000-7000-8000-000000000070,1760950800000,3,0,5208
019a0000-0000-7000-8000-000000000124,1760950800000,3,2,3236
019a0000-0000-7000-8000-000000000143,1760950800000,2,2,3549
019a0000-0000-7000-8000-000000000241,1760950800000,3,2,4887
019a0000-0000-7000-8000-000000000248,1760950800000,3,3,8947
019a0000-0000-7000-8000-000000000255,1760950800000,3,2,7920
019a0000-0000-7000-8000-000000000369,1760950800000,1,2,9941
019a0000-0000-7000-8000-000000000384,1760950800000,3,2,4809
019a0000-0000-7000-8000-000000000420,1760950800000,3,0,13850
019a0000-0000-7000-8000-000000000476,1760950800000,2,3,6313
019a0000-0000-7000-8000-000000000519,1760950800000,1,0,3962
019a0000-0000-7000-8000-000000000606,1760950800000,1,2,7503
019a0000-0000-7000-8000-000000000618,1760950800000,3,2,10099
019a0000-0000-7000-8000-000000000676,1760950800000,2,2,9939
019a0000-0000-7000-8000-000000000685,1760950800000,2,3,6932
019a0000-0000-7000-8000-000000000341,1761037200000,3,2,6317
019a0000-0000-7000-8000-000000000343,1761037200000,3,2,5387
019a0000-0000-7000-8000-000000000369,1761037200000,2,3,4676
019a0000-0000-7000-8000-000000000401,1761037200000,3,2,14284
019a0000-0000-7000-8000-000000000519,1761037200000,3,3,13071
019a0000-0000-7000-8000-000000000521,1761037200000,3,2,12150
019a0000-0000-7000-8000-000000000636,1761037200000,2,2,10893
019a0000-0000-7000-8000-000000000047,1761123600000,3,2,6704
019a0000-0000-7000-8000-000000000070,1761123600000,3,2,11224
019a0000-0000-7000-8000-000000000399,1761123600000,3,2,13772
019a0000-0000-7000-8000-000000000413,1761123600000,2,0,7352
019a0000-0000-7000-8000-000000000417,1761123600000,3,2,12131
019a0000-0000-7000-8000-000000000420,1761123600000,3,2,7470
019a0000-0000-7000-8000-000000000426,1761123600000,2,2,14806
019a0000-0000-7000-8000-000000000456,1761123600000,3,2,3762
019a0000-0000-7000-8000-000000000476,1761123600000,3,2,9285
019a0000-0000-7000-8000-000000000570,1761123600000,2,2,6031
019a0000-0000-7000-8000-000000000584,1761123600000,3,2,4444
019a0000-0000-7000-8000-000000000619,1761123600000,3,2,6569
019a0000-0000-7000-8000-000000000718,1761123600000,3,2,4419
019a0000-0000-7000-8000-000000000794,1761123600000,3,0,8982
019a0000-0000-7000-8000-000000000795,1761123600000,3,0,4545
019a0000-0000-7000-8000-000000000194,1761210000000,2,2,11597
019a0000-0000-7000-8000-000000000209,1761210000000,3,2,3053
019a0000-0000-7000-8000-000000000324,1761210000000,3,3,9812
019a0000-0000-7000-8000-000000000368,1761210000000,2,2,11108
019a0000-0000-7000-8000-000000000606,1761210000000,3,3,7902
019a0000-0000-7000-8000-000000000755,1761210000000,3,2,10528
019a0000-0000-7000-8000-000000000784,1761210000000,3,2,3409
019a0000-0000-7000-8000-000000000024,1761296400000,3,2,14763
019a0000-0000-7000-8000-000000000134,1761296400000,1,2,10761
019a0000-0000-7000-8000-000000000242,1761296400000,2,2,11863
019a0000-0000-7000-8000-000000000278,1761296400000,3,2,12316
019a0000-0000-7000-8000-000000000354,1761296400000,2,2,14140
019a0000-0000-7000-8000-000000000369,1761296400000,2,2,13621
019a0000-0000-7000-8000-000000000413,1761296400000,1,2,10376
019a0000-0000-7000-8000-000000000444,1761296400000,3,2,5095
019a0000-0000-7000-8000-000000000532,1761296400000,3,2,12247
019a0000-0000-7000-8000-000000000538,1761296400000,3,2,7509
019a0000-0000-7000-8000-000000000564,1761296400000,3,2,7597
019a0000-0000-7000-8000-000000000697,1761296400000,4,0,6115
019a0000-0000-7000-8000-000000000729,1761296400000,3,2,11773
019a0000-0000-7000-8000-000000000794,1761296400000,3,2,5838
019a0000-0000-7000-8000-000000000795,1761296400000,2,2,13549
019a0000-0000-7000-8000-000000000145,1761382800000,3,2,14614
019a0000-0000-7000-8000-000000000188,1761382800000,4,0,12082
019a0000-0000-7000-8000-000000000190,1761382800000,3,2,5961
019a0000-0000-7000-8000-000000000283,1761382800000,3,2,4929
019a0000-0000-7000-8000-000000000289,1761382800000,1,0,8012
019a0000-0000-7000-8000-000000000291,1761382800000,3,0,8724
019a0000-0000-7000-8000-000000000316,1761382800000,2,2,10273
019a0000-0000-7000-8000-000000000390,1761382800000,3,2,14108
019a0000-0000-7000-8000-000000000413,1761382800000,3,3,6495
019a0000-0000-7000-8000-000000000438,1761382800000,1,2,6355
019a0000-0000-7000-8000-000000000556,1761382800000,1,0,9141
019a0000-0000-7000-8000-000000000631,1761382800000,3,2,7528
019a0000-0000-7000-8000-000000000066,1761469200000,3,2,10669
019a0000-0000-7000-8000-000000000134,1761469200000,1,3,13408
019a0000-0000-7000-8000-000000000230,1761469200000,3,2,5546
019a0000-0000-7000-8000-000000000238,1761469200000,2,2,11339
019a0000-0000-7000-8000-000000000289,1761469200000,2,3,13740
019a0000-0000-7000-8000-000000000519,1761469200000,2,2,12922
019a0000-0000-7000-8000-000000000556,1761469200000,3,3,3471
019a0000-0000-7000-8000-000000000569,1761469200000,1,2,3875
019a0000-0000-7000-8000-000000000577,1761469200000,2,2,7730
019a0000-0000-7000-8000-000000000680,1761469200000,4,0,12868
019a0000-0000-7000-8000-000000000791,1761469200000,2,2,12370
019a0000-0000-7000-8000-000000000060,1761555600000,1,2,3254
019a0000-0000-7000-8000-000000000134,1761555600000,1,3,8922
019a0000-0000-7000-8000-000000000140,1761555600000,3,2,12508
019a0000-0000-7000-8000-000000000244,1761555600000,3,2,7060
019a0000-0000-7000-8000-000000000266,1761555600000,3,0,13027
019a0000-0000-7000-8000-000000000291,1761555600000,1,2,5352
019a0000-0000-7000-8000-000000000299,1761555600000,3,0,14056
019a0000-0000-7000-8000-000000000438,1761555600000,1,3,9034
019a0000-0000-7000-8000-000000000441,1761555600000,3,2,5114
019a0000-0000-7000-8000-000000000505,1761555600000,2,2,8441
019a0000-0000-7000-8000-000000000513,1761555600000,3,2,8982
019a0000-0000-7000-8000-000000000013,1761642000000,1,0,14539
019a0000-0000-7000-8000-000000000051,1761642000000,3,2,14522
019a0000-0000-7000-8000-000000000134,1761642000000,3,3,4001
019a0000-0000-7000-8000-000000000291,1761642000000,2,3,11431
019a0000-0000-7000-8000-000000000378,1761642000000,1,0,14026
019a0000-0000-7000-8000-000000000438,1761642000000,2,3,7128
019a0000-0000-7000-8000-000000000465,1761642000000,3,2,10609
019a0000-0000-7000-8000-000000000535,1761642000000,2,2,3414
019a0000-0000-7000-8000-000000000551,1761642000000,1,0,10228
019a0000-0000-7000-8000-000000000670,1761642000000,1,0,9289
019a0000-0000-7000-8000-000000000013,1761728400000,3,3,11805
019a0000-0000-7000-8000-000000000018,1761728400000,3,2,7297
019a0000-0000-7000-8000-000000000099,1761728400000,3,0,3048
019a0000-0000-7000-8000-000000000134,1761728400000,3,2,6151
019a0000-0000-7000-8000-000000000137,1761728400000,3,2,11071
019a0000-0000-7000-8000-000000000266,1761728400000,3,2,3685
019a0000-0000-7000-8000-000000000289,1761728400000,3,2,10140
019a0000-0000-7000-8000-000000000299,1761728400000,3,2,11398
019a0000-0000-7000-8000-000000000323,1761728400000,2,2,5022
019a0000-0000-7000-8000-000000000378,1761728400000,3,3,5700
019a0000-0000-7000-8000-000000000413,1761728400000,3,2,3276
019a0000-0000-7000-8000-000000000491,1761728400000,3,0,8782
019a0000-0000-7000-8000-000000000551,1761728400000,2,3,9140
019a0000-0000-7000-8000-000000000582,1761728400000,2,2,3188
019a0000-0000-7000-8000-000000000647,1761728400000,2,2,4757
019a0000-0000-7000-8000-000000000670,1761728400000,3,3,10556
019a0000-0000-7000-8000-000000000697,1761728400000,3,2,4852
019a0000-0000-7000-8000-000000000069,1761814800000,3,2,5678
019a0000-0000-7000-8000-000000000188,1761814800000,2,2,7739
019a0000-0000-7000-8000-000000000232,1761814800000,1,0,3157
019a0000-0000-7000-8000-000000000240,1761814800000,3,2,13567
019a0000-0000-7000-8000-000000000258,1761814800000,3,0,3686
019a0000-0000-7000-8000-000000000379,1761814800000,4,0,14706
019a0000-0000-7000-8000-000000000438,1761814800000,2,2,7023
019a0000-0000-7000-8000-000000000476,1761814800000,3,2,9301
019a0000-0000-7000-8000-000000000780,1761814800000,3,2,14862
019a0000-0000-7000-8000-000000000792,1761814800000,3,2,6544
019a0000-0000-7000-8000-000000000056,1761901200000,3,2,9318
019a0000-0000-7000-8000-000000000099,1761901200000,3,2,10291
019a0000-0000-7000-8000-000000000103,1761901200000,3,2,3875
019a0000-0000-7000-8000-000000000232,1761901200000,1,3,14430
019a0000-0000-7000-8000-000000000287,1761901200000,1,0,5042
019a0000-0000-7000-8000-000000000291,1761901200000,3,2,14241
019a0000-0000-7000-8000-000000000491,1761901200000,2,2,5658
019a0000-0000-7000-8000-000000000492,1761901200000,3,2,6159
019a0000-0000-7000-8000-000000000556,1761901200000,3,2,4490
019a0000-0000-7000-8000-000000000680,1761901200000,2,2,8445
019a0000-0000-7000-8000-000000000685,1761901200000,4,2,6090
019a0000-0000-7000-8000-000000000725,1761901200000,3,2,4422
019a0000-0000-7000-8000-000000000769,1761901200000,4,2,3331
019a0000-0000-7000-8000-000000000063,1761987600000,3,2,7974
019a0000-0000-7000-8000-000000000086,1761987600000,3,2,7463
019a0000-0000-7000-8000-000000000222,1761987600000,3,0,13603
019a0000-0000-7000-8000-000000000232,1761987600000,1,3,10031
019a0000-0000-7000-8000-000000000258,1761987600000,3,2,4416
019a0000-0000-7000-8000-000000000287,1761987600000,1,3,10136
019a0000-0000-7000-8000-000000000424,1761987600000,3,0,5071
019a0000-0000-7000-8000-000000000429,1761987600000,3,2,10370
019a0000-0000-7000-8000-000000000551,1761987600000,3,2,12642
019a0000-0000-7000-8000-000000000606,1761987600000,3,2,12022
019a0000-0000-7000-8000-000000000737,1761987600000,3,2,6979
019a0000-0000-7000-8000-000000000782,1761987600000,3,0,10687
019a0000-0000-7000-8000-000000000232,1762074000000,1,3,3633
019a0000-0000-7000-8000-000000000264,1762074000000,3,2,4758
019a0000-0000-7000-8000-000000000287,1762074000000,3,3,5309
019a0000-0000-7000-8000-000000000362,1762074000000,3,2,14406
019a0000-0000-7000-8000-000000000369,1762074000000,3,2,12490
019a0000-0000-7000-8000-000000000605,1762074000000,3,2,14348
019a0000-0000-7000-8000-000000000681,1762074000000,3,2,13551
019a0000-0000-7000-8000-000000000013,1762160400000,1,2,6578
019a0000-0000-7000-8000-000000000045,1762160400000,4,2,7034
019a0000-0000-7000-8000-000000000222,1762160400000,3,2,12445
019a0000-0000-7000-8000-000000000232,1762160400000,3,3,5813
019a0000-0000-7000-8000-000000000358,1762160400000,3,2,14609
019a0000-0000-7000-8000-000000000378,1762160400000,3,2,12540
019a0000-0000-7000-8000-000000000424,1762160400000,2,2,10712
019a0000-0000-7000-8000-000000000438,1762160400000,3,2,9485
019a0000-0000-7000-8000-000000000439,1762160400000,3,2,6959
019a0000-0000-7000-8000-000000000670,1762160400000,3,2,8489
019a0000-0000-7000-8000-000000000727,1762160400000,3,0,5503
019a0000-0000-7000-8000-000000000782,1762160400000,1,2,3523
019a0000-0000-7000-8000-000000000799,1762160400000,2,0,7006
019a0000-0000-7000-8000-000000000013,1762246800000,2,3,9688
019a0000-0000-7000-8000-000000000084,1762246800000,3,0,10402
019a0000-0000-7000-8000-000000000096,1762246800000,1,0,7065
019a0000-0000-7000-8000-000000000209,1762246800000,3,2,4629
019a0000-0000-7000-8000-000000000232,1762246800000,3,2,9949
019a0000-0000-7000-8000-000000000287,1762246800000,3,2,11892
019a0000-0000-7000-8000-000000000307,1762246800000,2,2,4558
019a0000-0000-7000-8000-000000000379,1762246800000,3,2,11909
019a0000-0000-7000-8000-000000000554,1762246800000,3,0,13439
019a0000-0000-7000-8000-000000000597,1762246800000,4,2,3424
019a0000-0000-7000-8000-000000000654,1762246800000,4,2,9546
019a0000-0000-7000-8000-000000000782,1762246800000,3,3,11054
019a0000-0000-7000-8000-000000000077,1762333200000,1,0,8867
019a0000-0000-7000-8000-000000000079,1762333200000,3,2,7699
019a0000-0000-7000-8000-000000000096,1762333200000,3,3,4148
019a0000-0000-7000-8000-000000000364,1762333200000,1,0,3210
019a0000-0000-7000-8000-000000000371,1762333200000,3,2,6218
019a0000-0000-7000-8000-000000000377,1762333200000,1,2,3933
019a0000-0000-7000-8000-000000000727,1762333200000,3,2,3310
019a0000-0000-7000-8000-000000000799,1762333200000,3,2,7622
019a0000-0000-7000-8000-000000000077,1762419600000,3,3,7805
019a0000-0000-7000-8000-000000000084,1762419600000,3,2,14489
019a0000-0000-7000-8000-000000000144,1762419600000,1,2,12365
019a0000-0000-7000-8000-000000000198,1762419600000,1,0,11633
019a0000-0000-7000-8000-000000000232,1762419600000,3,2,3339
019a0000-0000-7000-8000-000000000276,1762419600000,3,2,4449
019a0000-0000-7000-8000-000000000294,1762419600000,3,2,3298
019a0000-0000-7000-8000-000000000296,1762419600000,2,2,5175
019a0000-0000-7000-8000-000000000364,1762419600000,1,3,12015
019a0000-0000-7000-8000-000000000554,1762419600000,1,2,14136
019a0000-0000-7000-8000-000000000617,1762419600000,3,2,8981
019a0000-0000-7000-8000-000000000705,1762419600000,4,2,5510
019a0000-0000-7000-8000-000000000709,1762419600000,2,2,7419
019a0000-0000-7000-8000-000000000713,1762419600000,3,0,10115
019a0000-0000-7000-8000-000000000762,1762419600000,3,0,5462
019a0000-0000-7000-8000-000000000013,1762506000000,3,2,9080
019a0000-0000-7000-8000-000000000126,1762506000000,3,2,10814
019a0000-0000-7000-8000-000000000189,1762506000000,2,2,14242
019a0000-0000-7000-8000-000000000198,1762506000000,3,3,6795
019a0000-0000-7000-8000-000000000364,1762506000000,3,3,14470
019a0000-0000-7000-8000-000000000554,1762506000000,3,3,13568
019a0000-0000-7000-8000-000000000721,1762506000000,3,2,5936
019a0000-0000-7000-8000-000000000738,1762506000000,3,0,6937
019a0000-0000-7000-8000-000000000751,1762506000000,2,2,9547
019a0000-0000-7000-8000-000000000144,1762592400000,4,3,13760
019a0000-0000-7000-8000-000000000236,1762592400000,3,0,10295
019a0000-0000-7000-8000-000000000247,1762592400000,3,0,4036
019a0000-0000-7000-8000-000000000324,1762592400000,2,2,4635
019a0000-0000-7000-8000-000000000612,1762592400000,3,0,14884
019a0000-0000-7000-8000-000000000669,1762592400000,2,0,10215
019a0000-0000-7000-8000-000000000713,1762592400000,3,2,6279
019a0000-0000-7000-8000-000000000762,1762592400000,3,2,11937
019a0000-0000-7000-8000-000000000774,1762592400000,1,0,14157
019a0000-0000-7000-8000-000000000795,1762592400000,2,2,11893
019a0000-0000-7000-8000-000000000012,1762678800000,1,2,14451
019a0000-0000-7000-8000-000000000073,1762678800000,2,2,9143
019a0000-0000-7000-8000-000000000159,1762678800000,3,2,3840
019a0000-0000-7000-8000-000000000298,1762678800000,3,2,9716
019a0000-0000-7000-8000-000000000364,1762678800000,3,2,4512
019a0000-0000-7000-8000-000000000368,1762678800000,2,2,13964
019a0000-0000-7000-8000-000000000738,1762678800000,3,2,5355
019a0000-0000-7000-8000-000000000774,1762678800000,2,3,10893
019a0000-0000-7000-8000-000000000782,1762678800000,3,2,9697
019a0000-0000-7000-8000-000000000096,1762765200000,2,2,14542
019a0000-0000-7000-8000-000000000236,1762765200000,3,2,6307
019a0000-0000-7000-8000-000000000247,1762765200000,2,2,9424
019a0000-0000-7000-8000-000000000377,1762765200000,3,3,12448
019a0000-0000-7000-8000-000000000612,1762765200000,3,2,10086
019a0000-0000-7000-8000-000000000669,1762765200000,3,2,8392
019a0000-0000-7000-8000-000000000679,1762765200000,3,2,4773
019a0000-0000-7000-8000-000000000749,1762765200000,2,2,7830
019a0000-0000-7000-8000-000000000763,1762765200000,3,2,12325
019a0000-0000-7000-8000-000000000012,1762851600000,3,3,14929
019a0000-0000-7000-8000-000000000077,1762851600000,3,2,5129
019a0000-0000-7000-8000-000000000279,1762851600000,3,2,6987
019a0000-0000-7000-8000-000000000287,1762851600000,1,2,8218
019a0000-0000-7000-8000-000000000394,1762851600000,2,2,12174
019a0000-0000-7000-8000-000000000714,1762851600000,3,2,3957
019a0000-0000-7000-8000-000000000800,1762851600000,2,2,4490
019a0000-0000-7000-8000-000000000124,1762938000000,3,2,14812
019a0000-0000-7000-8000-000000000156,1762938000000,2,0,10790
019a0000-0000-7000-8000-000000000198,1762938000000,3,2,8579
019a0000-0000-7000-8000-000000000287,1762938000000,3,3,9908
019a0000-0000-7000-8000-000000000554,1762938000000,3,2,11908
019a0000-0000-7000-8000-000000000774,1762938000000,3,2,13809
019a0000-0000-7000-8000-000000000291,1763024400000,3,2,12910
019a0000-0000-7000-8000-000000000609,1763024400000,1,2,5154
019a0000-0000-7000-8000-000000000690,1763024400000,3,2,8466
019a0000-0000-7000-8000-000000000776,1763024400000,1,2,3855
019a0000-0000-7000-8000-000000000070,1763110800000,1,2,11521
019a0000-0000-7000-8000-000000000156,1763110800000,3,2,4673
019a0000-0000-7000-8000-000000000289,1763110800000,3,2,13334
019a0000-0000-7000-8000-000000000328,1763110800000,3,0,12112
019a0000-0000-7000-8000-000000000413,1763110800000,3,2,13772
019a0000-0000-7000-8000-000000000415,1763110800000,3,0,6993
019a0000-0000-7000-8000-000000000420,1763110800000,3,2,14117
019a0000-0000-7000-8000-000000000509,1763110800000,3,0,4025
019a0000-0000-7000-8000-000000000695,1763110800000,3,2,10786
019a0000-0000-7000-8000-000000000779,1763110800000,2,2,10940
019a0000-0000-7000-8000-000000000151,1763197200000,3,2,9836
019a0000-0000-7000-8000-000000000252,1763197200000,4,0,12266
019a0000-0000-7000-8000-000000000287,1763197200000,3,2,5611
019a0000-0000-7000-8000-000000000343,1763197200000,1,2,11737
019a0000-0000-7000-8000-000000000491,1763197200000,1,2,12056
019a0000-0000-7000-8000-000000000581,1763197200000,3,0,6024
019a0000-0000-7000-8000-000000000599,1763197200000,3,0,13827
019a0000-0000-7000-8000-000000000609,1763197200000,3,3,14523
019a0000-0000-7000-8000-000000000687,1763197200000,2,2,4047
019a0000-0000-7000-8000-000000000710,1763197200000,1,0,11536
019a0000-0000-7000-8000-000000000759,1763197200000,3,2,4380
019a0000-0000-7000-8000-000000000013,1763283600000,3,2,13651
019a0000-0000-7000-8000-000000000021,1763283600000,1,2,4396
019a0000-0000-7000-8000-000000000059,1763283600000,2,2,10508
019a0000-0000-7000-8000-000000000070,1763283600000,3,3,14535
019a0000-0000-7000-8000-000000000325,1763283600000,3,2,8715
019a0000-0000-7000-8000-000000000328,1763283600000,3,2,13096
019a0000-0000-7000-8000-000000000332,1763283600000,3,0,3436
019a0000-0000-7000-8000-000000000364,1763283600000,2,2,8844
019a0000-0000-7000-8000-000000000415,1763283600000,3,2,12916
019a0000-0000-7000-8000-000000000432,1763283600000,3,0,4384
019a0000-0000-7000-8000-000000000509,1763283600000,3,2,6004
019a0000-0000-7000-8000-000000000519,1763283600000,2,2,4890
019a0000-0000-7000-8000-000000000710,1763283600000,3,3,10930
019a0000-0000-7000-8000-000000000715,1763283600000,1,2,14557
019a0000-0000-7000-8000-000000000794,1763283600000,3,2,13170
019a0000-0000-7000-8000-000000000171,1763370000000,4,0,11802
019a0000-0000-7000-8000-000000000277,1763370000000,3,0,3188
019a0000-0000-7000-8000-000000000343,1763370000000,3,3,5008
019a0000-0000-7000-8000-000000000491,1763370000000,2,3,4430
019a0000-0000-7000-8000-000000000551,1763370000000,3,2,14079
019a0000-0000-7000-8000-000000000581,1763370000000,3,2,14164
019a0000-0000-7000-8000-000000000599,1763370000000,1,2,12738
019a0000-0000-7000-8000-000000000770,1763370000000,2,2,10817
019a0000-0000-7000-8000-000000000778,1763370000000,3,2,6259
019a0000-0000-7000-8000-000000000788,1763370000000,3,0,9783
019a0000-0000-7000-8000-000000000064,1763456400000,4,2,11267
019a0000-0000-7000-8000-000000000144,1763456400000,1,2,4016
019a0000-0000-7000-8000-000000000332,1763456400000,1,2,8012
019a0000-0000-7000-8000-000000000410,1763456400000,1,0,7844
019a0000-0000-7000-8000-000000000424,1763456400000,2,2,12536
019a0000-0000-7000-8000-000000000432,1763456400000,3,2,12768
019a0000-0000-7000-8000-000000000599,1763456400000,3,3,14147
019a0000-0000-7000-8000-000000000660,1763456400000,3,2,10475
019a0000-0000-7000-8000-000000000715,1763456400000,3,3,14363
019a0000-0000-7000-8000-000000000719,1763456400000,3,2,4080
019a0000-0000-7000-8000-000000000776,1763456400000,1,3,12098
019a0000-0000-7000-8000-000000000144,1763542800000,3,3,3680
019a0000-0000-7000-8000-000000000277,1763542800000,3,2,3963
019a0000-0000-7000-8000-000000000300,1763542800000,4,0,3321
019a0000-0000-7000-8000-000000000332,1763542800000,1,3,3152
019a0000-0000-7000-8000-000000000410,1763542800000,3,3,14625
019a0000-0000-7000-8000-000000000757,1763542800000,3,2,8607
019a0000-0000-7000-8000-000000000776,1763542800000,3,3,14615
019a0000-0000-7000-8000-000000000788,1763542800000,3,2,8896
019a0000-0000-7000-8000-000000000155,1763629200000,3,0,7348
019a0000-0000-7000-8000-000000000185,1763629200000,2,0,8586
019a0000-0000-7000-8000-000000000252,1763629200000,3,2,8034
019a0000-0000-7000-8000-000000000332,1763629200000,2,3,10384
019a0000-0000-7000-8000-000000000388,1763629200000,3,2,13349
019a0000-0000-7000-8000-000000000389,1763629200000,2,0,6587
019a0000-0000-7000-8000-000000000550,1763629200000,3,0,14743
019a0000-0000-7000-8000-000000000021,1763715600000,3,3,14430
019a0000-0000-7000-8000-000000000212,1763715600000,2,2,8524
019a0000-0000-7000-8000-000000000213,1763715600000,2,2,6960
019a0000-0000-7000-8000-000000000266,1763715600000,2,2,11770
019a0000-0000-7000-8000-000000000299,1763715600000,3,2,3991
019a0000-0000-7000-8000-000000000301,1763715600000,3,0,13401
019a0000-0000-7000-8000-000000000332,1763715600000,2,2,3540
019a0000-0000-7000-8000-000000000375,1763715600000,2,2,10524
019a0000-0000-7000-8000-000000000384,1763715600000,2,2,14733
019a0000-0000-7000-8000-000000000414,1763715600000,3,2,3831
019a0000-0000-7000-8000-000000000710,1763715600000,2,2,11254
019a0000-0000-7000-8000-000000000736,1763715600000,3,2,9703
019a0000-0000-7000-8000-000000000799,1763715600000,4,2,13764
019a0000-0000-7000-8000-000000000012,1763802000000,3,2,9443
019a0000-0000-7000-8000-000000000155,1763802000000,2,2,3197
019a0000-0000-7000-8000-000000000171,1763802000000,1,2,9439
019a0000-0000-7000-8000-000000000185,1763802000000,1,2,5408
019a0000-0000-7000-8000-000000000389,1763802000000,3,2,4534
019a0000-0000-7000-8000-000000000550,1763802000000,3,2,5668
019a0000-0000-7000-8000-000000000568,1763802000000,3,2,11745
019a0000-0000-7000-8000-000000000655,1763802000000,4,2,13300
019a0000-0000-7000-8000-000000000691,1763802000000,3,2,9044
019a0000-0000-7000-8000-000000000776,1763802000000,3,2,10421
019a0000-0000-7000-8000-000000000099,1763888400000,3,2,5771
019a0000-0000-7000-8000-000000000100,1763888400000,4,2,11948
019a0000-0000-7000-8000-000000000171,1763888400000,2,3,3221
019a0000-0000-7000-8000-000000000185,1763888400000,2,3,6131
019a0000-0000-7000-8000-000000000245,1763888400000,1,0,12600
019a0000-0000-7000-8000-000000000301,1763888400000,3,2,7235
019a0000-0000-7000-8000-000000000491,1763888400000,3,2,8645
019a0000-0000-7000-8000-000000000515,1763888400000,3,2,5905
019a0000-0000-7000-8000-000000000517,1763888400000,3,0,7721
019a0000-0000-7000-8000-000000000599,1763888400000,1,2,11196
019a0000-0000-7000-8000-000000000609,1763888400000,3,2,11908
019a0000-0000-7000-8000-000000000245,1763974800000,3,3,7952
019a0000-0000-7000-8000-000000000258,1763974800000,3,2,11065
019a0000-0000-7000-8000-000000000300,1763974800000,3,2,8828
019a0000-0000-7000-8000-000000000332,1763974800000,3,2,10274
019a0000-0000-7000-8000-000000000343,1763974800000,3,2,8024
019a0000-0000-7000-8000-000000000410,1763974800000,2,2,4526
019a0000-0000-7000-8000-000000000411,1763974800000,3,0,11252
019a0000-0000-7000-8000-000000000540,1763974800000,3,0,10883
019a0000-0000-7000-8000-000000000599,1763974800000,3,3,10091
019a0000-0000-7000-8000-000000000185,1764061200000,1,2,9937
019a0000-0000-7000-8000-000000000229,1764061200000,3,2,8310
019a0000-0000-7000-8000-000000000247,1764061200000,3,2,11341
019a0000-0000-7000-8000-000000000373,1764061200000,4,2,4566
019a0000-0000-7000-8000-000000000476,1764061200000,3,2,5839
019a0000-0000-7000-8000-000000000517,1764061200000,2,2,4597
019a0000-0000-7000-8000-000000000025,1764147600000,2,2,9439
019a0000-0000-7000-8000-000000000185,1764147600000,2,3,5646
019a0000-0000-7000-8000-000000000222,1764147600000,3,2,10363
019a0000-0000-7000-8000-000000000411,1764147600000,3,2,7509
019a0000-0000-7000-8000-000000000540,1764147600000,3,2,12478
019a0000-0000-7000-8000-000000000641,1764147600000,3,0,8617
019a0000-0000-7000-8000-000000000648,1764147600000,3,2,3728
019a0000-0000-7000-8000-000000000669,1764147600000,3,2,8887
019a0000-0000-7000-8000-000000000715,1764147600000,2,2,3865
019a0000-0000-7000-8000-000000000019,1764234000000,3,0,10468
019a0000-0000-7000-8000-000000000070,1764234000000,3,2,4987
019a0000-0000-7000-8000-000000000171,1764234000000,3,2,7513
019a0000-0000-7000-8000-000000000272,1764234000000,3,0,11858
019a0000-0000-7000-8000-000000000493,1764234000000,3,0,11155
019a0000-0000-7000-8000-000000000566,1764234000000,3,2,9929
019a0000-0000-7000-8000-000000000599,1764234000000,1,2,13072
019a0000-0000-7000-8000-000000000756,1764234000000,3,0,12686
019a0000-0000-7000-8000-000000000072,1764320400000,2,2,5347
019a0000-0000-7000-8000-000000000185,1764320400000,1,2,6240
019a0000-0000-7000-8000-000000000202,1764320400000,1,0,5547
019a0000-0000-7000-8000-000000000265,1764320400000,1,2,6560
019a0000-0000-7000-8000-000000000380,1764320400000,2,2,8361
019a0000-0000-7000-8000-000000000482,1764320400000,1,0,10728
019a0000-0000-7000-8000-000000000599,1764320400000,3,3,12829
019a0000-0000-7000-8000-000000000641,1764320400000,3,2,7117
019a0000-0000-7000-8000-000000000727,1764320400000,1,2,10810
019a0000-0000-7000-8000-000000000735,1764320400000,3,2,8972
019a0000-0000-7000-8000-000000000774,1764320400000,3,2,7390
019a0000-0000-7000-8000-000000000786,1764320400000,3,0,6087
019a0000-0000-7000-8000-000000000019,1764406800000,3,2,11981
019a0000-0000-7000-8000-000000000084,1764406800000,2,2,6038
019a0000-0000-7000-8000-000000000185,1764406800000,3,3,13739
019a0000-0000-7000-8000-000000000202,1764406800000,1,3,14125
019a0000-0000-7000-8000-000000000245,1764406800000,3,2,4218
019a0000-0000-7000-8000-000000000272,1764406800000,2,2,3399
019a0000-0000-7000-8000-000000000345,1764406800000,3,0,6866
019a0000-0000-7000-8000-000000000482,1764406800000,3,3,9651
019a0000-0000-7000-8000-000000000493,1764406800000,2,2,6662
019a0000-0000-7000-8000-000000000756,1764406800000,3,2,4465
019a0000-0000-7000-8000-000000000793,1764406800000,3,2,5408
019a0000-0000-7000-8000-000000000156,1764493200000,3,2,12251
019a0000-0000-7000-8000-000000000157,1764493200000,1,0,12910
019a0000-0000-7000-8000-000000000202,1764493200000,3,3,11002
019a0000-0000-7000-8000-000000000645,1764493200000,3,2,12001
019a0000-0000-7000-8000-000000000727,1764493200000,1,3,10477
019a0000-0000-7000-8000-000000000753,1764493200000,3,2,11580
019a0000-0000-7000-8000-000000000775,1764493200000,1,0,12148
019a0000-0000-7000-8000-000000000786,1764493200000,3,2,14674
019a0000-0000-7000-8000-000000000007,1764579600000,3,0,8941
019a0000-0000-7000-8000-000000000095,1764579600000,1,2,4525
019a0000-0000-7000-8000-000000000096,1764579600000,3,2,9533
019a0000-0000-7000-8000-000000000112,1764579600000,3,2,7037
019a0000-0000-7000-8000-000000000157,1764579600000,3,3,4605
019a0000-0000-7000-8000-000000000295,1764579600000,3,2,4155
019a0000-0000-7000-8000-000000000332,1764579600000,3,2,10971
019a0000-0000-7000-8000-000000000345,1764579600000,3,2,11261
019a0000-0000-7000-8000-000000000713,1764579600000,3,2,3762
019a0000-0000-7000-8000-000000000727,1764579600000,1,3,7075
019a0000-0000-7000-8000-000000000762,1764579600000,3,2,13407
019a0000-0000-7000-8000-000000000775,1764579600000,3,3,11770
019a0000-0000-7000-8000-000000000790,1764579600000,1,0,14507
019a0000-0000-7000-8000-000000000040,1764666000000,3,2,5784
019a0000-0000-7000-8000-000000000162,1764666000000,2,2,10413
019a0000-0000-7000-8000-000000000202,1764666000000,3,2,6988
019a0000-0000-7000-8000-000000000246,1764666000000,3,2,8593
019a0000-0000-7000-8000-000000000265,1764666000000,3,3,14531
019a0000-0000-7000-8000-000000000369,1764666000000,1,2,6789
019a0000-0000-7000-8000-000000000539,1764666000000,3,0,6567
019a0000-0000-7000-8000-000000000556,1764666000000,3,2,8656
019a0000-0000-7000-8000-000000000671,1764666000000,1,0,4045
019a0000-0000-7000-8000-000000000727,1764666000000,3,3,3532
019a0000-0000-7000-8000-000000000738,1764666000000,2,2,9313
019a0000-0000-7000-8000-000000000790,1764666000000,3,3,7315
019a0000-0000-7000-8000-000000000007,1764752400000,3,2,11662
019a0000-0000-7000-8000-000000000061,1764752400000,3,0,9105
019a0000-0000-7000-8000-000000000197,1764752400000,3,2,11021
019a0000-0000-7000-8000-000000000236,1764752400000,3,2,8684
019a0000-0000-7000-8000-000000000327,1764752400000,3,2,7887
019a0000-0000-7000-8000-000000000504,1764752400000,1,0,4320
019a0000-0000-7000-8000-000000000537,1764752400000,2,2,6087
019a0000-0000-7000-8000-000000000596,1764752400000,3,0,11482
019a0000-0000-7000-8000-000000000600,1764752400000,3,2,7477
019a0000-0000-7000-8000-000000000612,1764752400000,1,2,11731
019a0000-0000-7000-8000-000000000671,1764752400000,3,3,13737
019a0000-0000-7000-8000-000000000727,1764752400000,1,2,14517
019a0000-0000-7000-8000-000000000122,1764838800000,3,0,11046
019a0000-0000-7000-8000-000000000364,1764838800000,3,2,6739
019a0000-0000-7000-8000-000000000369,1764838800000,1,3,13071
019a0000-0000-7000-8000-000000000482,1764838800000,3,2,7205
019a0000-0000-7000-8000-000000000504,1764838800000,3,3,14710
019a0000-0000-7000-8000-000000000539,1764838800000,3,2,8267
019a0000-0000-7000-8000-000000000630,1764838800000,3,0,8861
019a0000-0000-7000-8000-000000000782,1764838800000,2,2,8449
019a0000-0000-7000-8000-000000000061,1764925200000,2,2,4936
019a0000-0000-7000-8000-000000000220,1764925200000,3,0,11895
019a0000-0000-7000-8000-000000000335,1764925200000,3,0,11507
019a0000-0000-7000-8000-000000000378,1764925200000,3,2,6283
019a0000-0000-7000-8000-000000000596,1764925200000,3,2,7103
019a0000-0000-7000-8000-000000000612,1764925200000,3,3,8447
019a0000-0000-7000-8000-000000000670,1764925200000,1,2,3115
019a0000-0000-7000-8000-000000000095,1765011600000,3,3,9588
019a0000-0000-7000-8000-000000000122,1765011600000,3,2,6377
019a0000-0000-7000-8000-000000000157,1765011600000,3,2,13908
019a0000-0000-7000-8000-000000000309,1765011600000,1,0,13673
019a0000-0000-7000-8000-000000000329,1765011600000,2,0,12140
019a0000-0000-7000-8000-000000000346,1765011600000,1,2,3972
019a0000-0000-7000-8000-000000000377,1765011600000,3,2,14277
019a0000-0000-7000-8000-000000000630,1765011600000,2,2,6991
019a0000-0000-7000-8000-000000000686,1765011600000,2,0,10360
019a0000-0000-7000-8000-000000000742,1765011600000,2,2,14095
019a0000-0000-7000-8000-000000000775,1765011600000,3,2,11565
019a0000-0000-7000-8000-000000000031,1765098000000,3,0,8031
019a0000-0000-7000-8000-000000000155,1765098000000,2,2,7560
019a0000-0000-7000-8000-000000000220,1765098000000,3,2,7512
019a0000-0000-7000-8000-000000000309,1765098000000,1,3,3256
019a0000-0000-7000-8000-000000000335,1765098000000,3,2,10391
019a0000-0000-7000-8000-000000000524,1765098000000,2,2,8819
019a0000-0000-7000-8000-000000000554,1765098000000,3,2,3217
019a0000-0000-7000-8000-000000000607,1765098000000,1,0,3979
019a0000-0000-7000-8000-000000000670,1765098000000,3,3,3099
019a0000-0000-7000-8000-000000000698,1765098000000,3,2,12952
019a0000-0000-7000-8000-000000000790,1765098000000,3,2,6446
019a0000-0000-7000-8000-000000000303,1765184400000,1,2,12220
019a0000-0000-7000-8000-000000000304,1765184400000,3,2,7949
019a0000-0000-7000-8000-000000000309,1765184400000,3,3,5082
019a0000-0000-7000-8000-000000000329,1765184400000,3,2,12236
019a0000-0000-7000-8000-000000000389,1765184400000,1,2,9975
019a0000-0000-7000-8000-000000000500,1765184400000,4,0,7525
019a0000-0000-7000-8000-000000000607,1765184400000,3,3,13884
019a0000-0000-7000-8000-000000000665,1765184400000,4,0,9434
019a0000-0000-7000-8000-000000000671,1765184400000,3,2,9172
019a0000-0000-7000-8000-000000000672,1765184400000,2,2,14699
019a0000-0000-7000-8000-000000000686,1765184400000,3,2,14914
019a0000-0000-7000-8000-000000000030,1765270800000,3,2,14671
019a0000-0000-7000-8000-000000000031,1765270800000,3,2,12397
019a0000-0000-7000-8000-000000000046,1765270800000,1,0,4567
019a0000-0000-7000-8000-000000000142,1765270800000,3,2,7704
019a0000-0000-7000-8000-000000000188,1765270800000,2,2,7861
019a0000-0000-7000-8000-000000000202,1765270800000,3,2,9267
019a0000-0000-7000-8000-000000000209,1765270800000,3,2,9604
019a0000-0000-7000-8000-000000000328,1765270800000,3,2,4247
019a0000-0000-7000-8000-000000000346,1765270800000,3,3,7213
019a0000-0000-7000-8000-000000000415,1765270800000,3,2,5906
019a0000-0000-7000-8000-000000000504,1765270800000,3,2,6507
019a0000-0000-7000-8000-000000000509,1765270800000,3,2,9380
019a0000-0000-7000-8000-000000000512,1765270800000,1,0,9674
019a0000-0000-7000-8000-000000000620,1765270800000,3,2,3578
019a0000-0000-7000-8000-000000000661,1765270800000,1,0,6240
019a0000-0000-7000-8000-000000000046,1765357200000,3,3,5914
019a0000-0000-7000-8000-000000000152,1765357200000,1,2,6750
019a0000-0000-7000-8000-000000000309,1765357200000,2,2,6850
019a0000-0000-7000-8000-000000000389,1765357200000,3,3,8453
019a0000-0000-7000-8000-000000000512,1765357200000,3,3,9103
019a0000-0000-7000-8000-000000000517,1765357200000,3,2,8156
019a0000-0000-7000-8000-000000000581,1765357200000,3,2,6121
019a0000-0000-7000-8000-000000000661,1765357200000,2,3,7937
019a0000-0000-7000-8000-000000000680,1765357200000,3,2,11391
019a0000-0000-7000-8000-000000000009,1765443600000,3,2,12252
019a0000-0000-7000-8000-000000000105,1765443600000,3,0,14791
019a0000-0000-7000-8000-000000000366,1765443600000,3,2,3968
019a0000-0000-7000-8000-000000000432,1765443600000,1,2,14420
019a0000-0000-7000-8000-000000000139,1765530000000,3,0,13211
019a0000-0000-7000-8000-000000000277,1765530000000,4,2,8543
019a0000-0000-7000-8000-000000000342,1765530000000,1,0,11328
019a0000-0000-7000-8000-000000000357,1765530000000,2,0,13322
019a0000-0000-7000-8000-000000000422,1765530000000,3,0,14136
019a0000-0000-7000-8000-000000000484,1765530000000,3,0,4791
019a0000-0000-7000-8000-000000000656,1765530000000,3,2,9489
019a0000-0000-7000-8000-000000000692,1765530000000,1,0,4656
019a0000-0000-7000-8000-000000000710,1765530000000,3,2,8825
019a0000-0000-7000-8000-000000000788,1765530000000,2,2,13077
019a0000-0000-7000-8000-000000000013,1765616400000,2,2,14321
019a0000-0000-7000-8000-000000000050,1765616400000,3,0,5254
019a0000-0000-7000-8000-000000000077,1765616400000,3,2,10095
019a0000-0000-7000-8000-000000000105,1765616400000,3,2,11711
019a0000-0000-7000-8000-000000000152,1765616400000,1,3,3648
019a0000-0000-7000-8000-000000000303,1765616400000,4,3,7701
019a0000-0000-7000-8000-000000000342,1765616400000,1,3,12517
019a0000-0000-7000-8000-000000000432,1765616400000,3,3,11782
019a0000-0000-7000-8000-000000000491,1765616400000,3,2,3290
019a0000-0000-7000-8000-000000000500,1765616400000,2,2,9618
019a0000-0000-7000-8000-000000000552,1765616400000,3,2,14779
019a0000-0000-7000-8000-000000000585,1765616400000,3,2,7555
019a0000-0000-7000-8000-000000000607,1765616400000,1,2,13441
019a0000-0000-7000-8000-000000000661,1765616400000,3,2,12783
019a0000-0000-7000-8000-000000000665,1765616400000,2,2,3592
019a0000-0000-7000-8000-000000000673,1765616400000,1,2,11449
019a0000-0000-7000-8000-000000000692,1765616400000,1,3,14228
019a0000-0000-7000-8000-000000000075,1765702800000,3,0,8776
019a0000-0000-7000-8000-000000000139,1765702800000,1,2,8211
019a0000-0000-7000-8000-000000000152,1765702800000,3,3,13865
019a0000-0000-7000-8000-000000000198,1765702800000,2,2,11222
019a0000-0000-7000-8000-000000000272,1765702800000,2,2,10440
019a0000-0000-7000-8000-000000000342,1765702800000,2,3,6591
019a0000-0000-7000-8000-000000000357,1765702800000,3,2,13535
019a0000-0000-7000-8000-000000000422,1765702800000,2,2,7266
019a0000-0000-7000-8000-000000000484,1765702800000,3,2,8335
019a0000-0000-7000-8000-000000000493,1765702800000,1,2,12391
019a0000-0000-7000-8000-000000000607,1765702800000,2,3,11387
019a0000-0000-7000-8000-000000000692,1765702800000,4,3,9345
019a0000-0000-7000-8000-000000000001,1765789200000,3,2,4160
019a0000-0000-7000-8000-000000000046,1765789200000,2,2,9730
019a0000-0000-7000-8000-000000000050,1765789200000,3,2,14580
019a0000-0000-7000-8000-000000000139,1765789200000,3,3,13612
019a0000-0000-7000-8000-000000000171,1765789200000,3,2,3348
019a0000-0000-7000-8000-000000000309,1765789200000,3,2,6257
019a0000-0000-7000-8000-000000000342,1765789200000,3,2,14361
019a0000-0000-7000-8000-000000000382,1765789200000,3,2,14117
019a0000-0000-7000-8000-000000000410,1765789200000,3,2,5440
019a0000-0000-7000-8000-000000000423,1765789200000,3,0,3134
019a0000-0000-7000-8000-000000000512,1765789200000,3,2,10078
019a0000-0000-7000-8000-000000000543,1765789200000,3,0,4401
019a0000-0000-7000-8000-000000000550,1765789200000,3,2,11061
019a0000-0000-7000-8000-000000000637,1765789200000,2,0,10524
019a0000-0000-7000-8000-000000000670,1765789200000,3,2,4558
019a0000-0000-7000-8000-000000000715,1765789200000,2,2,7789
019a0000-0000-7000-8000-000000000758,1765789200000,2,2,12893
019a0000-0000-7000-8000-000000000075,1765875600000,3,2,7718
019a0000-0000-7000-8000-000000000152,1765875600000,3,2,8171
019a0000-0000-7000-8000-000000000160,1765875600000,3,2,7427
019a0000-0000-7000-8000-000000000180,1765875600000,1,2,11331
019a0000-0000-7000-8000-000000000301,1765875600000,3,2,3005
019a0000-0000-7000-8000-000000000452,1765875600000,1,0,4486
019a0000-0000-7000-8000-000000000493,1765875600000,3,3,9057
019a0000-0000-7000-8000-000000000514,1765875600000,2,0,11936
019a0000-0000-7000-8000-000000000612,1765875600000,3,2,11659
019a0000-0000-7000-8000-000000000765,1765875600000,3,0,6786
019a0000-0000-7000-8000-000000000021,1765962000000,3,2,7882
019a0000-0000-7000-8000-000000000170,1765962000000,3,2,11214
019a0000-0000-7000-8000-000000000177,1765962000000,3,2,9706
019a0000-0000-7000-8000-000000000200,1765962000000,3,2,8231
019a0000-0000-7000-8000-000000000224,1765962000000,1,2,12653
019a0000-0000-7000-8000-000000000423,1765962000000,3,2,14328
019a0000-0000-7000-8000-000000000452,1765962000000,3,3,5996
019a0000-0000-7000-8000-000000000543,1765962000000,2,2,9027
019a0000-0000-7000-8000-000000000574,1765962000000,3,2,7172
019a0000-0000-7000-8000-000000000588,1765962000000,1,0,8717
019a0000-0000-7000-8000-000000000607,1765962000000,3,2,10460
019a0000-0000-7000-8000-000000000632,1765962000000,3,0,10033
019a0000-0000-7000-8000-000000000637,1765962000000,3,2,14628
019a0000-0000-7000-8000-000000000673,1765962000000,4,3,7501
019a0000-0000-7000-8000-000000000692,1765962000000,3,2,10963
019a0000-0000-7000-8000-000000000263,1766048400000,3,0,7694
019a0000-0000-7000-8000-000000000383,1766048400000,4,0,8986
019a0000-0000-7000-8000-000000000389,1766048400000,1,2,12369
019a0000-0000-7000-8000-000000000398,1766048400000,1,0,4774
019a0000-0000-7000-8000-000000000496,1766048400000,3,2,9486
019a0000-0000-7000-8000-000000000514,1766048400000,3,2,3686
019a0000-0000-7000-8000-000000000588,1766048400000,3,3,14570
019a0000-0000-7000-8000-000000000746,1766048400000,3,0,12460
019a0000-0000-7000-8000-000000000765,1766048400000,3,2,4373
019a0000-0000-7000-8000-000000000265,1766134800000,3,2,5705
019a0000-0000-7000-8000-000000000324,1766134800000,4,2,3959
019a0000-0000-7000-8000-000000000342,1766134800000,3,2,14654
019a0000-0000-7000-8000-000000000389,1766134800000,3,3,7356
019a0000-0000-7000-8000-000000000398,1766134800000,3,3,7009
019a0000-0000-7000-8000-000000000411,1766134800000,2,2,12790
019a0000-0000-7000-8000-000000000540,1766134800000,3,2,7191
019a0000-0000-7000-8000-000000000632,1766134800000,1,2,13333
019a0000-0000-7000-8000-000000000061,1766221200000,2,2,3914
019a0000-0000-7000-8000-000000000139,1766221200000,3,2,7745
019a0000-0000-7000-8000-000000000148,1766221200000,3,2,7578
019a0000-0000-7000-8000-000000000180,1766221200000,3,3,7230
019a0000-0000-7000-8000-000000000224,1766221200000,3,3,8828
019a0000-0000-7000-8000-000000000263,1766221200000,3,2,14454
019a0000-0000-7000-8000-000000000321,1766221200000,2,2,12837
019a0000-0000-7000-8000-000000000346,1766221200000,3,2,5942
019a0000-0000-7000-8000-000000000372,1766221200000,3,2,8084
019a0000-0000-7000-8000-000000000609,1766221200000,3,2,3285
019a0000-0000-7000-8000-000000000632,1766221200000,3,3,5443
019a0000-0000-7000-8000-000000000746,1766221200000,3,2,4758
019a0000-0000-7000-8000-000000000255,1766307600000,3,2,9853
019a0000-0000-7000-8000-000000000541,1766307600000,3,0,14946
019a0000-0000-7000-8000-000000000630,1766307600000,3,2,14275
019a0000-0000-7000-8000-000000000641,1766307600000,2,2,11899
019a0000-0000-7000-8000-000000000787,1766307600000,4,0,11235
019a0000-0000-7000-8000-000000000019,1766394000000,1,2,13946
019a0000-0000-7000-8000-000000000110,1766394000000,3,0,13454
019a0000-0000-7000-8000-000000000389,1766394000000,2,2,4833
019a0000-0000-7000-8000-000000000396,1766394000000,3,0,10434
019a0000-0000-7000-8000-000000000452,1766394000000,1,2,7718
019a0000-0000-7000-8000-000000000481,1766394000000,3,2,9074
019a0000-0000-7000-8000-000000000756,1766394000000,3,2,4726
019a0000-0000-7000-8000-000000000766,1766394000000,2,2,11736
019a0000-0000-7000-8000-000000000123,1766480400000,3,2,9050
019a0000-0000-7000-8000-000000000176,1766480400000,1,2,13576
019a0000-0000-7000-8000-000000000275,1766480400000,3,0,11120
019a0000-0000-7000-8000-000000000312,1766480400000,3,2,9387
019a0000-0000-7000-8000-000000000383,1766480400000,3,2,7679
019a0000-0000-7000-8000-000000000452,1766480400000,3,3,9489
019a0000-0000-7000-8000-000000000494,1766480400000,3,0,9070
019a0000-0000-7000-8000-000000000541,1766480400000,3,2,4058
019a0000-0000-7000-8000-000000000588,1766480400000,2,2,10692
019a0000-0000-7000-8000-000000000786,1766480400000,3,2,8071
019a0000-0000-7000-8000-000000000010,1766566800000,3,0,7454
019a0000-0000-7000-8000-000000000019,1766566800000,3,3,4083
019a0000-0000-7000-8000-000000000097,1766566800000,1,0,12902
019a0000-0000-7000-8000-000000000110,1766566800000,2,2,7057
019a0000-0000-7000-8000-000000000215,1766566800000,3,2,3672
019a0000-0000-7000-8000-000000000217,1766566800000,2,2,14453
019a0000-0000-7000-8000-000000000288,1766566800000,3,2,3375
019a0000-0000-7000-8000-000000000329,1766566800000,3,2,7181
019a0000-0000-7000-8000-000000000345,1766566800000,1,2,7186
019a0000-0000-7000-8000-000000000368,1766566800000,1,2,7584
019a0000-0000-7000-8000-000000000396,1766566800000,1,2,3170
019a0000-0000-7000-8000-000000000398,1766566800000,3,2,7839
019a0000-0000-7000-8000-000000000418,1766566800000,1,0,7983
019a0000-0000-7000-8000-000000000432,1766566800000,3,2,11593
019a0000-0000-7000-8000-000000000442,1766566800000,2,0,10370
019a0000-0000-7000-8000-000000000493,1766566800000,3,2,6332
019a0000-0000-7000-8000-000000000686,1766566800000,3,2,6085
019a0000-0000-7000-8000-000000000772,1766566800000,3,0,8859
019a0000-0000-7000-8000-000000000784,1766566800000,2,2,8844
019a0000-0000-7000-8000-000000000097,1766653200000,2,3,8672
019a0000-0000-7000-8000-000000000269,1766653200000,1,0,7558
019a0000-0000-7000-8000-000000000275,1766653200000,1,2,11065
019a0000-0000-7000-8000-000000000370,1766653200000,3,0,9679
019a0000-0000-7000-8000-000000000396,1766653200000,3,3,14033
019a0000-0000-7000-8000-000000000418,1766653200000,1,3,6221
019a0000-0000-7000-8000-000000000494,1766653200000,3,2,10565
019a0000-0000-7000-8000-000000000632,1766653200000,3,2,8766
019a0000-0000-7000-8000-000000000007,1766739600000,3,2,14348
019a0000-0000-7000-8000-000000000010,1766739600000,3,2,4100
019a0000-0000-7000-8000-000000000269,1766739600000,3,3,13852
019a0000-0000-7000-8000-000000000275,1766739600000,2,3,4964
019a0000-0000-7000-8000-000000000292,1766739600000,3,2,4729
019a0000-0000-7000-8000-000000000345,1766739600000,3,3,14834
019a0000-0000-7000-8000-000000000418,1766739600000,3,3,6018
019a0000-0000-7000-8000-000000000442,1766739600000,1,2,8764
019a0000-0000-7000-8000-000000000479,1766739600000,3,2,14147
019a0000-0000-7000-8000-000000000607,1766739600000,3,2,14918
019a0000-0000-7000-8000-000000000685,1766739600000,3,2,14271
019a0000-0000-7000-8000-000000000772,1766739600000,1,2,13427
019a0000-0000-7000-8000-000000000787,1766739600000,3,2,13872
019a0000-0000-7000-8000-000000000081,1766826000000,3,2,12051
019a0000-0000-7000-8000-000000000368,1766826000000,3,3,5336
019a0000-0000-7000-8000-000000000370,1766826000000,3,2,3889
019a0000-0000-7000-8000-000000000392,1766826000000,3,0,13070
019a0000-0000-7000-8000-000000000442,1766826000000,3,3,14453
019a0000-0000-7000-8000-000000000452,1766826000000,3,2,13388
019a0000-0000-7000-8000-000000000457,1766826000000,1,0,5054
019a0000-0000-7000-8000-000000000539,1766826000000,2,2,6695
019a0000-0000-7000-8000-000000000577,1766826000000,3,2,4449
019a0000-0000-7000-8000-000000000772,1766826000000,2,3,7932
019a0000-0000-7000-8000-000000000095,1766912400000,2,2,3470
019a0000-0000-7000-8000-000000000097,1766912400000,3,2,4389
019a0000-0000-7000-8000-000000000176,1766912400000,2,3,5875
019a0000-0000-7000-8000-000000000319,1766912400000,3,2,8985
019a0000-0000-7000-8000-000000000418,1766912400000,1,2,12778
019a0000-0000-7000-8000-000000000457,1766912400000,1,3,3769
019a0000-0000-7000-8000-000000000516,1766912400000,2,2,11294
019a0000-0000-7000-8000-000000000596,1766912400000,3,2,10625
019a0000-0000-7000-8000-000000000674,1766912400000,3,0,6570
019a0000-0000-7000-8000-000000000122,1766998800000,3,2,12419
019a0000-0000-7000-8000-000000000125,1766998800000,3,2,13752
019a0000-0000-7000-8000-000000000224,1766998800000,2,2,11272
019a0000-0000-7000-8000-000000000275,1766998800000,2,2,8361
019a0000-0000-7000-8000-000000000322,1766998800000,4,0,7002
019a0000-0000-7000-8000-000000000392,1766998800000,3,2,11995
019a0000-0000-7000-8000-000000000406,1766998800000,2,2,14733
019a0000-0000-7000-8000-000000000418,1766998800000,3,3,3598
019a0000-0000-7000-8000-000000000422,1766998800000,3,2,9845
019a0000-0000-7000-8000-000000000457,1766998800000,3,3,10564
019a0000-0000-7000-8000-000000000545,1766998800000,3,2,5765
019a0000-0000-7000-8000-000000000575,1766998800000,1,0,7990
019a0000-0000-7000-8000-000000000594,1766998800000,3,2,13556
019a0000-0000-7000-8000-000000000661,1766998800000,3,2,12607
019a0000-0000-7000-8000-000000000044,1767085200000,1,2,12106
019a0000-0000-7000-8000-000000000220,1767085200000,3,2,6668
019a0000-0000-7000-8000-000000000335,1767085200000,1,2,14696
019a0000-0000-7000-8000-000000000357,1767085200000,2,2,4652
019a0000-0000-7000-8000-000000000396,1767085200000,3,2,8218
019a0000-0000-7000-8000-000000000528,1767085200000,3,2,4375
019a0000-0000-7000-8000-000000000575,1767085200000,3,3,10452
019a0000-0000-7000-8000-000000000674,1767085200000,3,2,6410
019a0000-0000-7000-8000-000000000692,1767085200000,3,2,10201
019a0000-0000-7000-8000-000000000697,1767085200000,1,2,3653
019a0000-0000-7000-8000-000000000764,1767085200000,3,0,6411
019a0000-0000-7000-8000-000000000772,1767085200000,3,2,5127
019a0000-0000-7000-8000-000000000798,1767085200000,3,0,5660
019a0000-0000-7000-8000-000000000022,1767171600000,1,0,9838
019a0000-0000-7000-8000-000000000183,1767171600000,1,0,8655
019a0000-0000-7000-8000-000000000245,1767171600000,3,2,8217
019a0000-0000-7000-8000-000000000269,1767171600000,2,2,8494
019a0000-0000-7000-8000-000000000309,1767171600000,3,2,3154
019a0000-0000-7000-8000-000000000342,1767171600000,3,2,5496
019a0000-0000-7000-8000-000000000418,1767171600000,3,2,5604
019a0000-0000-7000-8000-000000000442,1767171600000,3,2,4602
019a0000-0000-7000-8000-000000000457,1767171600000,3,2,4069
019a0000-0000-7000-8000-000000000533,1767171600000,3,0,11285
019a0000-0000-7000-8000-000000000591,1767171600000,4,0,12627
019a0000-0000-7000-8000-000000000595,1767171600000,3,0,10159
019a0000-0000-7000-8000-000000000003,1767258000000,3,2,13063
019a0000-0000-7000-8000-000000000022,1767258000000,2,3,5751
019a0000-0000-7000-8000-000000000031,1767258000000,3,2,5688
019a0000-0000-7000-8000-000000000183,1767258000000,3,3,4968
019a0000-0000-7000-8000-000000000291,1767258000000,1,2,14258
019a0000-0000-7000-8000-000000000335,1767258000000,2,3,5611
019a0000-0000-7000-8000-000000000416,1767258000000,1,2,5396
019a0000-0000-7000-8000-000000000543,1767258000000,2,2,9021
019a0000-0000-7000-8000-000000000570,1767258000000,1,2,4264
019a0000-0000-7000-8000-000000000764,1767258000000,3,2,5530
019a0000-0000-7000-8000-000000000798,1767258000000,2,2,8345
019a0000-0000-7000-8000-000000000038,1767344400000,2,2,3151
019a0000-0000-7000-8000-000000000202,1767344400000,3,2,4342
019a0000-0000-7000-8000-000000000533,1767344400000,3,2,13016
019a0000-0000-7000-8000-000000000595,1767344400000,1,2,13735
019a0000-0000-7000-8000-000000000637,1767344400000,1,2,8890
019a0000-0000-7000-8000-000000000697,1767344400000,2,3,13005
019a0000-0000-7000-8000-000000000067,1767430800000,3,2,11873
019a0000-0000-7000-8000-000000000322,1767430800000,1,2,12844
019a0000-0000-7000-8000-000000000354,1767430800000,2,2,3383
019a0000-0000-7000-8000-000000000426,1767430800000,2,2,9422
019a0000-0000-7000-8000-000000000514,1767430800000,3,2,10556
019a0000-0000-7000-8000-000000000595,1767430800000,2,3,11052
019a0000-0000-7000-8000-000000000019,1767517200000,3,2,12046
019a0000-0000-7000-8000-000000000022,1767517200000,3,2,7184
019a0000-0000-7000-8000-000000000044,1767517200000,3,3,7119
019a0000-0000-7000-8000-000000000167,1767517200000,3,2,5477
019a0000-0000-7000-8000-000000000291,1767517200000,3,3,10155
019a0000-0000-7000-8000-000000000305,1767517200000,3,2,10745
019a0000-0000-7000-8000-000000000322,1767517200000,3,3,3914
019a0000-0000-7000-8000-000000000570,1767517200000,3,3,5904
019a0000-0000-7000-8000-000000000575,1767517200000,3,2,4525
019a0000-0000-7000-8000-000000000637,1767517200000,3,3,11859
019a0000-0000-7000-8000-000000000046,1767603600000,3,2,13967
019a0000-0000-7000-8000-000000000105,1767603600000,2,2,13440
019a0000-0000-7000-8000-000000000180,1767603600000,2,2,6183
019a0000-0000-7000-8000-000000000238,1767603600000,3,2,4424
019a0000-0000-7000-8000-000000000379,1767603600000,2,2,14170
019a0000-0000-7000-8000-000000000407,1767603600000,1,2,3552
019a0000-0000-7000-8000-000000000416,1767603600000,3,3,5731
019a0000-0000-7000-8000-000000000482,1767603600000,3,2,8509
019a0000-0000-7000-8000-000000000513,1767603600000,3,2,4847
019a0000-0000-7000-8000-000000000591,1767603600000,3,2,13646
019a0000-0000-7000-8000-000000000026,1767690000000,3,2,3191
019a0000-0000-7000-8000-000000000183,1767690000000,2,2,7902
019a0000-0000-7000-8000-000000000345,1767690000000,3,2,10290
019a0000-0000-7000-8000-000000000418,1767690000000,3,2,8806
019a0000-0000-7000-8000-000000000484,1767690000000,3,2,7439
019a0000-0000-7000-8000-000000000507,1767690000000,2,2,11394
019a0000-0000-7000-8000-000000000595,1767690000000,2,2,9625
019a0000-0000-7000-8000-000000000050,1767776400000,3,2,10982
019a0000-0000-7000-8000-000000000157,1767776400000,2,2,13368
019a0000-0000-7000-8000-000000000275,1767776400000,3,2,11842
019a0000-0000-7000-8000-000000000457,1767776400000,3,2,13839
019a0000-0000-7000-8000-000000000525,1767776400000,2,2,14260
019a0000-0000-7000-8000-000000000529,1767776400000,3,2,5761
019a0000-0000-7000-8000-000000000775,1767776400000,4,2,13200
019a0000-0000-7000-8000-000000000785,1767776400000,3,2,13994
019a0000-0000-7000-8000-000000000075,1767862800000,3,2,5406
019a0000-0000-7000-8000-000000000110,1767862800000,3,2,10733
019a0000-0000-7000-8000-000000000561,1767862800000,3,2,12336
019a0000-0000-7000-8000-000000000704,1767862800000,2,2,7063
019a0000-0000-7000-8000-000000000790,1767862800000,2,2,6004
019a0000-0000-7000-8000-000000000014,1767949200000,3,2,7781
019a0000-0000-7000-8000-000000000106,1767949200000,1,2,12007
019a0000-0000-7000-8000-000000000176,1767949200000,2,2,14885
019a0000-0000-7000-8000-000000000230,1767949200000,3,2,7042
019a0000-0000-7000-8000-000000000316,1767949200000,3,2,7648
019a0000-0000-7000-8000-000000000335,1767949200000,3,2,8181
019a0000-0000-7000-8000-000000000421,1767949200000,3,2,5014
019a0000-0000-7000-8000-000000000423,1767949200000,3,2,8216
019a0000-0000-7000-8000-000000000530,1767949200000,2,2,12438
019a0000-0000-7000-8000-000000000671,1767949200000,3,2,10577
019a0000-0000-7000-8000-000000000079,1768035600000,2,2,11193
019a0000-0000-7000-8000-000000000194,1768035600000,2,2,7496
019a0000-0000-7000-8000-000000000407,1768035600000,2,3,9798
019a0000-0000-7000-8000-000000000452,1768035600000,3,2,6988
019a0000-0000-7000-8000-000000000504,1768035600000,2,2,10378
019a0000-0000-7000-8000-000000000765,1768035600000,3,2,12594
019a0000-0000-7000-8000-000000000282,1768122000000,3,2,11050
019a0000-0000-7000-8000-000000000322,1768122000000,3,2,11845
019a0000-0000-7000-8000-000000000413,1768122000000,3,2,13097
019a0000-0000-7000-8000-000000000643,1768122000000,3,2,5479
019a0000-0000-7000-8000-000000000670,1768122000000,3,2,8554
019a0000-0000-7000-8000-000000000263,1768208400000,3,2,7326
019a0000-0000-7000-8000-000000000637,1768208400000,2,2,5905
019a0000-0000-7000-8000-000000000746,1768208400000,3,2,13448
019a0000-0000-7000-8000-000000000754,1768208400000,3,2,10976
019a0000-0000-7000-8000-000000000772,1768208400000,3,2,12810
019a0000-0000-7000-8000-000000000097,1768294800000,4,2,3637
019a0000-0000-7000-8000-000000000293,1768294800000,3,2,8859
019a0000-0000-7000-8000-000000000588,1768294800000,2,2,10104
019a0000-0000-7000-8000-000000000646,1768294800000,3,2,12995
019a0000-0000-7000-8000-000000000750,1768294800000,3,2,4161
019a0000-0000-7000-8000-000000000012,1768381200000,4,2,6316
019a0000-0000-7000-8000-000000000056,1768381200000,3,2,10805
019a0000-0000-7000-8000-000000000106,1768381200000,3,3,6847
019a0000-0000-7000-8000-000000000139,1768381200000,3,2,5510
019a0000-0000-7000-8000-000000000697,1768381200000,3,2,9710
019a0000-0000-7000-8000-000000000783,1768381200000,3,2,13387
019a0000-0000-7000-8000-000000000541,1768467600000,3,2,3495
019a0000-0000-7000-8000-000000000570,1768467600000,3,2,3915
019a0000-0000-7000-8000-000000000595,1768467600000,2,2,14977
019a0000-0000-7000-8000-000000000723,1768467600000,2,2,6709
019a0000-0000-7000-8000-000000000442,1768554000000,3,2,11191
019a0000-0000-7000-8000-000000000512,1768554000000,3,2,13172
019a0000-0000-7000-8000-000000000798,1768554000000,3,2,14890
019a0000-0000-7000-8000-000000000078,1768640400000,1,2,4135
019a0000-0000-7000-8000-000000000235,1768640400000,2,2,8987
019a0000-0000-7000-8000-000000000494,1768640400000,2,2,13909
019a0000-0000-7000-8000-000000000519,1768640400000,2,2,9299
019a0000-0000-7000-8000-000000000010,1768726800000,2,2,6574
019a0000-0000-7000-8000-000000000174,1768726800000,3,2,7669
019a0000-0000-7000-8000-000000000336,1768726800000,3,2,6114
019a0000-0000-7000-8000-000000000610,1768726800000,3,2,12939
019a0000-0000-7000-8000-000000000634,1768726800000,1,2,9345
019a0000-0000-7000-8000-000000000795,1768726800000,2,2,4930
019a0000-0000-7000-8000-000000000070,1768813200000,3,2,9248
019a0000-0000-7000-8000-000000000267,1768813200000,1,2,10453
019a0000-0000-7000-8000-000000000370,1768813200000,1,2,8445
019a0000-0000-7000-8000-000000000632,1768813200000,3,2,3517
019a0000-0000-7000-8000-000000000675,1768813200000,3,2,10705
019a0000-0000-7000-8000-000000000678,1768813200000,3,2,3236
019a0000-0000-7000-8000-000000000022,1768899600000,3,2,3769
019a0000-0000-7000-8000-000000000334,1768899600000,1,2,4723
019a0000-0000-7000-8000-000000000562,1768899600000,3,2,5632
019a0000-0000-7000-8000-000000000252,1768986000000,3,2,5558
019a0000-0000-7000-8000-000000000269,1768986000000,3,2,12458
019a0000-0000-7000-8000-000000000296,1768986000000,3,2,7076
019a0000-0000-7000-8000-000000000370,1768986000000,2,3,10766
019a0000-0000-7000-8000-000000000392,1768986000000,3,2,5006
019a0000-0000-7000-8000-000000000416,1768986000000,3,2,14903
019a0000-0000-7000-8000-000000000523,1768986000000,3,2,4422
019a0000-0000-7000-8000-000000000752,1768986000000,3,2,9200
019a0000-0000-7000-8000-000000000078,1769072400000,2,3,14416
019a0000-0000-7000-8000-000000000363,1769072400000,2,2,14497
019a0000-0000-7000-8000-000000000500,1769072400000,3,2,12584
019a0000-0000-7000-8000-000000000607,1769072400000,4,2,10100
019a0000-0000-7000-8000-000000000665,1769072400000,4,2,3434
019a0000-0000-7000-8000-000000000674,1769072400000,3,2,11070
019a0000-0000-7000-8000-000000000145,1769158800000,3,2,11968
019a0000-0000-7000-8000-000000000172,1769158800000,1,2,6665
019a0000-0000-7000-8000-000000000289,1769158800000,2,2,5019
019a0000-0000-7000-8000-000000000364,1769158800000,3,2,6713
019a0000-0000-7000-8000-000000000130,1769245200000,2,2,5443
019a0000-0000-7000-8000-000000000195,1769245200000,3,2,5049
019a0000-0000-7000-8000-000000000267,1769245200000,2,3,14522
019a0000-0000-7000-8000-000000000314,1769245200000,3,2,5495
019a0000-0000-7000-8000-000000000346,1769245200000,3,2,6598
019a0000-0000-7000-8000-000000000396,1769245200000,3,2,3782
019a0000-0000-7000-8000-000000000764,1769245200000,3,2,7829
019a0000-0000-7000-8000-000000000085,1769331600000,2,2,8267
019a0000-0000-7000-8000-000000000300,1769331600000,3,2,7288
019a0000-0000-7000-8000-000000000334,1769331600000,3,3,10184
019a0000-0000-7000-8000-000000000398,1769331600000,3,2,4866
019a0000-0000-7000-8000-000000000460,1769331600000,3,2,9125
019a0000-0000-7000-8000-000000000493,1769331600000,3,2,5525
019a0000-0000-7000-8000-000000000533,1769331600000,3,2,7414
019a0000-0000-7000-8000-000000000303,1769418000000,3,2,3298
019a0000-0000-7000-8000-000000000551,1769418000000,2,2,8161
019a0000-0000-7000-8000-000000000183,1769504400000,3,2,12254
019a0000-0000-7000-8000-000000000361,1769504400000,3,2,9828
019a0000-0000-7000-8000-000000000201,1769590800000,3,2,13671
019a0000-0000-7000-8000-000000000407,1769590800000,3,2,12539
019a0000-0000-7000-8000-000000000424,1769590800000,3,2,7314
019a0000-0000-7000-8000-000000000468,1769590800000,3,2,12685
019a0000-0000-7000-8000-000000000731,1769590800000,3,2,9858
019a0000-0000-7000-8000-000000000172,1769677200000,1,3,8334
019a0000-0000-7000-8000-000000000173,1769677200000,1,2,14418
019a0000-0000-7000-8000-000000000370,1769677200000,3,2,14613
019a0000-0000-7000-8000-000000000044,1769763600000,3,2,6405
019a0000-0000-7000-8000-000000000172,1769763600000,1,3,4538
019a0000-0000-7000-8000-000000000565,1769763600000,3,2,5179
019a0000-0000-7000-8000-000000000053,1769850000000,3,2,11501
019a0000-0000-7000-8000-000000000119,1769850000000,1,2,10940
019a0000-0000-7000-8000-000000000172,1769850000000,3,3,10749
019a0000-0000-7000-8000-000000000457,1769850000000,3,2,8587
019a0000-0000-7000-8000-000000000677,1769850000000,3,2,8962
019a0000-0000-7000-8000-000000000191,1769936400000,3,2,5586
019a0000-0000-7000-8000-000000000435,1769936400000,3,2,8905
019a0000-0000-7000-8000-000000000135,1770022800000,1,2,8494
019a0000-0000-7000-8000-000000000173,1770022800000,3,3,10060
019a0000-0000-7000-8000-000000000627,1770022800000,3,2,5547
019a0000-0000-7000-8000-000000000219,1770109200000,3,2,14976
019a0000-0000-7000-8000-000000000637,1770109200000,2,2,7861
019a0000-0000-7000-8000-000000000734,1770109200000,3,2,10425
019a0000-0000-7000-8000-000000000078,1770195600000,3,2,10036
019a0000-0000-7000-8000-000000000228,1770195600000,1,2,14583
019a0000-0000-7000-8000-000000000342,1770195600000,2,2,6285
019a0000-0000-7000-8000-000000000119,1770282000000,3,3,6514
019a0000-0000-7000-8000-000000000376,1770282000000,3,2,13196
019a0000-0000-7000-8000-000000000527,1770282000000,1,2,10039
019a0000-0000-7000-8000-000000000575,1770282000000,3,2,9123
019a0000-0000-7000-8000-000000000275,1770368400000,1,2,7836
019a0000-0000-7000-8000-000000000595,1770368400000,3,2,6834
019a0000-0000-7000-8000-000000000774,1770368400000,3,2,10870
019a0000-0000-7000-8000-000000000781,1770368400000,3,2,6142
019a0000-0000-7000-8000-000000000135,1770454800000,3,3,6977
019a0000-0000-7000-8000-000000000250,1770454800000,3,2,5565
019a0000-0000-7000-8000-000000000584,1770454800000,2,2,9718
019a0000-0000-7000-8000-000000000612,1770454800000,3,2,9914
019a0000-0000-7000-8000-000000000275,1770541200000,3,3,12024
019a0000-0000-7000-8000-000000000302,1770541200000,3,2,5533
019a0000-0000-7000-8000-000000000668,1770541200000,3,2,4316
019a0000-0000-7000-8000-000000000106,1770627600000,2,2,8517
019a0000-0000-7000-8000-000000000228,1770627600000,3,3,14543
019a0000-0000-7000-8000-000000000254,1770627600000,2,2,12926
019a0000-0000-7000-8000-000000000335,1770627600000,3,2,4400
019a0000-0000-7000-8000-000000000483,1770627600000,1,2,5466
019a0000-0000-7000-8000-000000000527,1770627600000,3,3,14080
019a0000-0000-7000-8000-000000000538,1770627600000,3,2,5631
019a0000-0000-7000-8000-000000000476,1770714000000,2,2,10723
019a0000-0000-7000-8000-000000000066,1770800400000,3,2,3173
019a0000-0000-7000-8000-000000000074,1770800400000,3,2,12970
019a0000-0000-7000-8000-000000000267,1770800400000,4,2,8960
019a0000-0000-7000-8000-000000000374,1770800400000,4,2,3217
019a0000-0000-7000-8000-000000000497,1770800400000,1,2,5178
019a0000-0000-7000-8000-000000000309,1770973200000,3,2,14418
019a0000-0000-7000-8000-000000000491,1770973200000,3,2,14148
019a0000-0000-7000-8000-000000000763,1770973200000,3,2,4201
019a0000-0000-7000-8000-000000000045,1771059600000,4,2,4598
019a0000-0000-7000-8000-000000000244,1771059600000,2,2,7531
019a0000-0000-7000-8000-000000000349,1771059600000,3,2,9996
019a0000-0000-7000-8000-000000000483,1771059600000,3,3,4608
019a0000-0000-7000-8000-000000000597,1771059600000,2,2,11457
019a0000-0000-7000-8000-000000000657,1771059600000,3,2,13749
019a0000-0000-7000-8000-000000000180,1771146000000,3,2,7070
019a0000-0000-7000-8000-000000000432,1771146000000,3,2,8508
019a0000-0000-7000-8000-000000000692,1771146000000,3,2,3823
019a0000-0000-7000-8000-000000000043,1771232400000,3,2,3678
019a0000-0000-7000-8000-000000000103,1771232400000,3,2,11584
019a0000-0000-7000-8000-000000000155,1771232400000,2,2,11067
019a0000-0000-7000-8000-000000000260,1771232400000,3,2,10386
019a0000-0000-7000-8000-000000000497,1771232400000,3,3,10043
019a0000-0000-7000-8000-000000000069,1771318800000,3,2,13308
019a0000-0000-7000-8000-000000000322,1771318800000,3,2,13293
019a0000-0000-7000-8000-000000000737,1771318800000,2,2,11160
019a0000-0000-7000-8000-000000000782,1771405200000,2,2,4991
019a0000-0000-7000-8000-000000000051,1771491600000,2,2,11581
019a0000-0000-7000-8000-000000000173,1771491600000,3,2,14011
019a0000-0000-7000-8000-000000000358,1771491600000,1,2,5149
019a0000-0000-7000-8000-000000000548,1771491600000,1,2,3895
019a0000-0000-7000-8000-000000000265,1771578000000,3,2,11383
019a0000-0000-7000-8000-000000000334,1771578000000,2,2,4190
019a0000-0000-7000-8000-000000000459,1771578000000,3,2,3503
019a0000-0000-7000-8000-000000000570,1771578000000,3,2,9146
019a0000-0000-7000-8000-000000000681,1771578000000,2,2,7670
019a0000-0000-7000-8000-000000000624,1771664400000,3,2,4818
019a0000-0000-7000-8000-000000000132,1771750800000,2,2,14301
019a0000-0000-7000-8000-000000000272,1771837200000,3,2,10477
019a0000-0000-7000-8000-000000000279,1771837200000,3,2,3679
019a0000-0000-7000-8000-000000000358,1771837200000,3,3,8459
019a0000-0000-7000-8000-000000000383,1771837200000,3,2,13196
019a0000-0000-7000-8000-000000000791,1771837200000,4,2,10561
019a0000-0000-7000-8000-000000000171,1771923600000,3,2,7762
019a0000-0000-7000-8000-000000000403,1771923600000,3,2,14696
019a0000-0000-7000-8000-000000000527,1771923600000,3,2,11572
019a0000-0000-7000-8000-000000000548,1771923600000,3,3,12638
019a0000-0000-7000-8000-000000000580,1771923600000,3,2,7890
019a0000-0000-7000-8000-000000000090,1772010000000,3,2,7290
019a0000-0000-7000-8000-000000000452,1772010000000,4,2,7087
019a0000-0000-7000-8000-000000000019,1772096400000,3,2,12503
019a0000-0000-7000-8000-000000000095,1772096400000,3,2,5129
019a0000-0000-7000-8000-000000000184,1772096400000,2,2,6755
019a0000-0000-7000-8000-000000000787,1772096400000,3,2,4443
019a0000-0000-7000-8000-000000000345,1772269200000,3,2,9786
019a0000-0000-7000-8000-000000000760,1772269200000,3,2,11610
019a0000-0000-7000-8000-000000000061,1772355600000,3,2,7121
019a0000-0000-7000-8000-000000000073,1772355600000,1,2,9143
019a0000-0000-7000-8000-000000000096,1772355600000,3,2,6348
019a0000-0000-7000-8000-000000000370,1772355600000,3,2,14120
019a0000-0000-7000-8000-000000000034,1772442000000,3,2,9891
019a0000-0000-7000-8000-000000000772,1772442000000,4,2,13153
019a0000-0000-7000-8000-000000000119,1772528400000,2,2,7618
019a0000-0000-7000-8000-000000000412,1772614800000,3,2,3589
019a0000-0000-7000-8000-000000000697,1772614800000,4,2,4396
019a0000-0000-7000-8000-000000000073,1772701200000,3,3,9836
019a0000-0000-7000-8000-000000000135,1772701200000,2,2,4802
019a0000-0000-7000-8000-000000000055,1772787600000,3,2,4912
019a0000-0000-7000-8000-000000000225,1772787600000,1,2,4676
019a0000-0000-7000-8000-000000000228,1772874000000,3,2,9690
019a0000-0000-7000-8000-000000000773,1772874000000,3,2,10699
019a0000-0000-7000-8000-000000000223,1772960400000,3,2,4014
019a0000-0000-7000-8000-000000000466,1772960400000,2,2,14667
019a0000-0000-7000-8000-000000000591,1772960400000,3,2,11176
019a0000-0000-7000-8000-000000000143,1773046800000,3,2,10254
019a0000-0000-7000-8000-000000000483,1773046800000,3,2,6697
019a0000-0000-7000-8000-000000000661,1773046800000,3,2,4400
019a0000-0000-7000-8000-000000000770,1773046800000,2,2,3408
019a0000-0000-7000-8000-000000000141,1773133200000,3,2,14942
019a0000-0000-7000-8000-000000000225,1773133200000,2,3,7060
019a0000-0000-7000-8000-000000000553,1773133200000,3,2,13335
019a0000-0000-7000-8000-000000000358,1773306000000,3,2,11962
019a0000-0000-7000-8000-000000000710,1773306000000,2,2,11353
019a0000-0000-7000-8000-000000000078,1773392400000,1,2,3493
019a0000-0000-7000-8000-000000000242,1773392400000,3,2,5509
019a0000-0000-7000-8000-000000000247,1773392400000,3,2,6547
019a0000-0000-7000-8000-000000000347,1773392400000,3,2,13039
019a0000-0000-7000-8000-000000000357,1773392400000,3,2,9855
019a0000-0000-7000-8000-000000000359,1773392400000,3,2,11677
019a0000-0000-7000-8000-000000000384,1773392400000,3,2,12791
019a0000-0000-7000-8000-000000000478,1773392400000,3,2,6270
019a0000-0000-7000-8000-000000000543,1773392400000,3,2,13803
019a0000-0000-7000-8000-000000000635,1773392400000,2,2,6072
019a0000-0000-7000-8000-000000000497,1773478800000,3,2,8263
019a0000-0000-7000-8000-000000000410,1773565200000,3,2,7420
019a0000-0000-7000-8000-000000000442,1773565200000,3,2,11145
019a0000-0000-7000-8000-000000000601,1773565200000,3,2,7686
019a0000-0000-7000-8000-000000000505,1773651600000,2,2,11554
019a0000-0000-7000-8000-000000000588,1773651600000,2,2,5205
019a0000-0000-7000-8000-000000000669,1773651600000,3,2,12680
019a0000-0000-7000-8000-000000000073,1773738000000,3,2,9367
019a0000-0000-7000-8000-000000000158,1773738000000,1,2,12313
019a0000-0000-7000-8000-000000000202,1773824400000,3,2,13334
019a0000-0000-7000-8000-000000000029,1773997200000,2,2,7833
019a0000-0000-7000-8000-000000000093,1773997200000,3,2,7591
019a0000-0000-7000-8000-000000000129,1773997200000,1,2,3462
019a0000-0000-7000-8000-000000000156,1773997200000,2,2,4411
019a0000-0000-7000-8000-000000000416,1773997200000,2,2,11143
019a0000-0000-7000-8000-000000000154,1774083600000,3,2,6035
019a0000-0000-7000-8000-000000000225,1774083600000,3,2,10137
019a0000-0000-7000-8000-000000000397,1774083600000,3,2,5903
019a0000-0000-7000-8000-000000000676,1774083600000,1,2,13880
019a0000-0000-7000-8000-000000000728,1774083600000,3,2,3167
019a0000-0000-7000-8000-000000000761,1774083600000,3,2,4737
019a0000-0000-7000-8000-000000000506,1774170000000,3,2,4015
019a0000-0000-7000-8000-000000000017,1774256400000,1,2,14978
019a0000-0000-7000-8000-000000000330,1774256400000,3,2,7228
019a0000-0000-7000-8000-000000000637,1774256400000,4,2,6678
019a0000-0000-7000-8000-000000000158,1774342800000,3,3,9371
019a0000-0000-7000-8000-000000000393,1774342800000,1,2,13114
019a0000-0000-7000-8000-000000000602,1774342800000,3,2,12222
019a0000-0000-7000-8000-000000000129,1774429200000,3,3,10897
019a0000-0000-7000-8000-000000000547,1774429200000,3,2,10835
019a0000-0000-7000-8000-000000000554,1774602000000,3,2,8567
019a0000-0000-7000-8000-000000000017,1774688400000,3,3,13756
019a0000-0000-7000-8000-000000000437,1774688400000,3,2,9195
019a0000-0000-7000-8000-000000000517,1774688400000,3,2,5759
019a0000-0000-7000-8000-000000000280,1774774800000,3,2,13568
019a0000-0000-7000-8000-000000000393,1774774800000,1,3,13219
019a0000-0000-7000-8000-000000000440,1774774800000,3,2,4790
019a0000-0000-7000-8000-000000000377,1774861200000,3,2,4125
019a0000-0000-7000-8000-000000000393,1774861200000,3,3,7790
019a0000-0000-7000-8000-000000000461,1774861200000,3,2,6815
019a0000-0000-7000-8000-000000000592,1774861200000,1,2,14029
019a0000-0000-7000-8000-000000000022,1774947600000,3,2,11024
019a0000-0000-7000-8000-000000000611,1775034000000,1,2,11849
019a0000-0000-7000-8000-000000000165,1775120400000,3,2,9292
019a0000-0000-7000-8000-000000000518,1775120400000,3,2,13632
019a0000-0000-7000-8000-000000000149,1775206800000,3,2,4293
019a0000-0000-7000-8000-000000000707,1775206800000,2,2,9124
019a0000-0000-7000-8000-000000000407,1775293200000,3,2,9602
019a0000-0000-7000-8000-000000000592,1775293200000,4,3,10057
019a0000-0000-7000-8000-000000000046,1775379600000,3,2,6470
019a0000-0000-7000-8000-000000000198,1775379600000,3,2,14292
019a0000-0000-7000-8000-000000000341,1775379600000,3,2,6404
019a0000-0000-7000-8000-000000000595,1775466000000,3,2,4359
019a0000-0000-7000-8000-000000000611,1775466000000,3,3,6274
019a0000-0000-7000-8000-000000000659,1775466000000,3,2,6706
019a0000-0000-7000-8000-000000000168,1775552400000,3,2,6331
019a0000-0000-7000-8000-000000000211,1775552400000,2,2,4748
019a0000-0000-7000-8000-000000000689,1775552400000,3,2,12115
019a0000-0000-7000-8000-000000000208,1775638800000,2,2,9279
019a0000-0000-7000-8000-000000000278,1775638800000,4,2,4126
019a0000-0000-7000-8000-000000000630,1775638800000,3,2,9345
019a0000-0000-7000-8000-000000000190,1775725200000,3,2,11234
019a0000-0000-7000-8000-000000000390,1775725200000,2,2,8396
019a0000-0000-7000-8000-000000000021,1775811600000,3,2,9228
019a0000-0000-7000-8000-000000000266,1775811600000,3,2,13165
019a0000-0000-7000-8000-000000000284,1775984400000,3,2,7361
019a0000-0000-7000-8000-000000000329,1776070800000,3,2,5433
019a0000-0000-7000-8000-000000000686,1776070800000,2,2,9879
019a0000-0000-7000-8000-000000000743,1776243600000,3,2,8748
019a0000-0000-7000-8000-000000000422,1776330000000,3,2,5601
019a0000-0000-7000-8000-000000000457,1776330000000,3,2,12686
019a0000-0000-7000-8000-000000000129,1776416400000,3,2,8005
019a0000-0000-7000-8000-000000000320,1776416400000,3,2,12098
019a0000-0000-7000-8000-000000000431,1776416400000,3,2,7667
019a0000-0000-7000-8000-000000000642,1776416400000,2,2,7557
019a0000-0000-7000-8000-000000000084,1776502800000,3,2,11467
019a0000-0000-7000-8000-000000000555,1776502800000,3,2,10724
019a0000-0000-7000-8000-000000000048,1776762000000,2,2,9605
019a0000-0000-7000-8000-000000000269,1776762000000,3,2,5035
019a0000-0000-7000-8000-000000000738,1776762000000,2,2,11872
019a0000-0000-7000-8000-000000000126,1776848400000,3,2,12879
019a0000-0000-7000-8000-000000000173,1776848400000,1,2,8756
019a0000-0000-7000-8000-000000000017,1776934800000,3,2,3130
019a0000-0000-7000-8000-000000000514,1776934800000,3,2,7622
019a0000-0000-7000-8000-000000000701,1776934800000,3,2,6079
019a0000-0000-7000-8000-000000000110,1777194000000,4,2,6649
019a0000-0000-7000-8000-000000000183,1777280400000,3,2,9034
019a0000-0000-7000-8000-000000000706,1777366800000,3,2,8718
019a0000-0000-7000-8000-000000000106,1777453200000,4,2,12614
019a0000-0000-7000-8000-000000000157,1777453200000,3,2,3191
019a0000-0000-7000-8000-000000000158,1777539600000,1,2,8566
019a0000-0000-7000-8000-000000000748,1777539600000,3,2,6301
019a0000-0000-7000-8000-000000000790,1777539600000,4,2,10258
019a0000-0000-7000-8000-000000000425,1777626000000,2,2,5339
019a0000-0000-7000-8000-000000000628,1777626000000,3,2,14418
019a0000-0000-7000-8000-000000000702,1777626000000,1,2,10768
019a0000-0000-7000-8000-000000000788,1777626000000,1,2,5512
019a0000-0000-7000-8000-000000000158,1777712400000,3,3,14880
019a0000-0000-7000-8000-000000000504,1777712400000,3,2,11245
019a0000-0000-7000-8000-000000000520,1777712400000,2,2,9707
019a0000-0000-7000-8000-000000000611,1777712400000,3,2,14663
019a0000-0000-7000-8000-000000000753,1777712400000,2,2,6854
019a0000-0000-7000-8000-000000000360,1777798800000,3,2,10055
019a0000-0000-7000-8000-000000000454,1777798800000,3,2,11835
019a0000-0000-7000-8000-000000000139,1777885200000,1,2,6574
019a0000-0000-7000-8000-000000000798,1777885200000,1,2,14055
019a0000-0000-7000-8000-000000000788,1777971600000,3,3,6510
019a0000-0000-7000-8000-000000000233,1778058000000,1,2,8689
019a0000-0000-7000-8000-000000000395,1778058000000,2,2,5886
019a0000-0000-7000-8000-000000000214,1778144400000,3,2,14374
019a0000-0000-7000-8000-000000000463,1778144400000,3,2,5185
019a0000-0000-7000-8000-000000000139,1778230800000,3,3,12067
019a0000-0000-7000-8000-000000000411,1778230800000,3,2,9869
019a0000-0000-7000-8000-000000000798,1778230800000,4,3,5644
019a0000-0000-7000-8000-000000000097,1778317200000,3,2,12169
019a0000-0000-7000-8000-000000000535,1778317200000,3,2,9219
019a0000-0000-7000-8000-000000000632,1778317200000,3,2,9622
019a0000-0000-7000-8000-000000000722,1778317200000,4,2,10898
019a0000-0000-7000-8000-000000000334,1778403600000,3,2,5336
019a0000-0000-7000-8000-000000000641,1778403600000,3,2,9733
019a0000-0000-7000-8000-000000000233,1778490000000,3,3,7166
019a0000-0000-7000-8000-000000000307,1778576400000,2,2,9305
019a0000-0000-7000-8000-000000000592,1778576400000,2,2,6265
019a0000-0000-7000-8000-000000000358,1778662800000,3,2,4168
019a0000-0000-7000-8000-000000000563,1778662800000,2,2,11206
019a0000-0000-7000-8000-000000000396,1778749200000,3,2,7302
019a0000-0000-7000-8000-000000000511,1778835600000,3,2,8019
019a0000-0000-7000-8000-000000000310,1778922000000,1,2,7251
019a0000-0000-7000-8000-000000000539,1778922000000,3,2,6113
019a0000-0000-7000-8000-000000000556,1779008400000,3,2,10022
019a0000-0000-7000-8000-000000000226,1779094800000,2,2,13886
019a0000-0000-7000-8000-000000000493,1779094800000,3,2,6769
019a0000-0000-7000-8000-000000000338,1779267600000,3,2,13046
019a0000-0000-7000-8000-000000000378,1779267600000,2,2,12502
019a0000-0000-7000-8000-000000000119,1779354000000,3,2,7654
019a0000-0000-7000-8000-000000000231,1779354000000,2,2,13736
019a0000-0000-7000-8000-000000000310,1779354000000,2,3,13998
019a0000-0000-7000-8000-000000000740,1779440400000,1,2,6431
019a0000-0000-7000-8000-000000000788,1779440400000,3,2,4840
019a0000-0000-7000-8000-000000000135,1779526800000,2,2,12013
019a0000-0000-7000-8000-000000000044,1779613200000,3,2,6035
019a0000-0000-7000-8000-000000000105,1779699600000,3,2,14350
019a0000-0000-7000-8000-000000000618,1779699600000,2,2,6493
019a0000-0000-7000-8000-000000000400,1779786000000,3,2,8612
019a0000-0000-7000-8000-000000000521,1779786000000,2,2,14751
019a0000-0000-7000-8000-000000000015,1779872400000,2,2,5059
019a0000-0000-7000-8000-000000000399,1779872400000,2,2,11887
019a0000-0000-7000-8000-000000000740,1779872400000,2,3,9390
019a0000-0000-7000-8000-000000000077,1779958800000,1,2,11637
019a0000-0000-7000-8000-000000000755,1779958800000,3,2,14110
019a0000-0000-7000-8000-000000000335,1780045200000,1,2,9476
019a0000-0000-7000-8000-000000000729,1780045200000,3,2,13073
019a0000-0000-7000-8000-000000000267,1780131600000,1,2,7296
019a0000-0000-7000-8000-000000000283,1780131600000,3,2,12569
019a0000-0000-7000-8000-000000000631,1780131600000,3,2,7534
019a0000-0000-7000-8000-000000000077,1780304400000,3,3,5238
019a0000-0000-7000-8000-000000000092,1780304400000,3,2,10261
019a0000-0000-7000-8000-000000000150,1780304400000,3,2,14613
019a0000-0000-7000-8000-000000000799,1780304400000,3,2,6332
019a0000-0000-7000-8000-000000000465,1780390800000,3,2,6475
019a0000-0000-7000-8000-000000000227,1780477200000,2,2,3875
019a0000-0000-7000-8000-000000000317,1780477200000,3,2,11109
019a0000-0000-7000-8000-000000000380,1780650000000,3,2,3120
019a0000-0000-7000-8000-000000000458,1780650000000,3,2,8998
019a0000-0000-7000-8000-000000000798,1780650000000,3,2,11082
019a0000-0000-7000-8000-000000000233,1780736400000,3,2,13920
019a0000-0000-7000-8000-000000000494,1780736400000,2,2,6957
019a0000-0000-7000-8000-000000000010,1780822800000,3,2,9233
019a0000-0000-7000-8000-000000000362,1780822800000,2,2,11602
019a0000-0000-7000-8000-000000000310,1780909200000,3,2,7022
019a0000-0000-7000-8000-000000000371,1780909200000,3,2,3363
019a0000-0000-7000-8000-000000000450,1780909200000,3,2,6658
019a0000-0000-7000-8000-000000000483,1780995600000,2,2,6766
019a0000-0000-7000-8000-000000000519,1781082000000,3,2,12663
019a0000-0000-7000-8000-000000000294,1781168400000,2,2,11063
019a0000-0000-7000-8000-000000000625,1781254800000,3,2,12942
019a0000-0000-7000-8000-000000000721,1781254800000,3,2,3049
019a0000-0000-7000-8000-000000000159,1781427600000,3,2,11663
019a0000-0000-7000-8000-000000000740,1781427600000,3,2,3145
019a0000-0000-7000-8000-000000000245,1781514000000,4,2,3698
019a0000-0000-7000-8000-000000000077,1781600400000,4,2,7295
019a0000-0000-7000-8000-000000000188,1781600400000,2,2,4829
019a0000-0000-7000-8000-000000000708,1781600400000,3,2,6781
019a0000-0000-7000-8000-000000000714,1781600400000,3,2,8369
019a0000-0000-7000-8000-000000000124,1781686800000,3,2,12010
019a0000-0000-7000-8000-000000000370,1781773200000,1,2,4178
019a0000-0000-7000-8000-000000000420,1781859600000,3,2,11900
019a0000-0000-7000-8000-000000000326,1781946000000,3,2,4264
019a0000-0000-7000-8000-000000000482,1781946000000,3,2,4328
019a0000-0000-7000-8000-000000000794,1782032400000,3,2,13844
019a0000-0000-7000-8000-000000000259,1782205200000,3,2,5579
019a0000-0000-7000-8000-000000000671,1782291600000,1,2,6259
019a0000-0000-7000-8000-000000000299,1782464400000,3,2,9935
019a0000-0000-7000-8000-000000000297,1782550800000,3,2,6381
019a0000-0000-7000-8000-000000000099,1782637200000,3,2,10819
019a0000-0000-7000-8000-000000000671,1782637200000,3,3,13655
019a0000-0000-7000-8000-000000000228,1782723600000,3,2,12457
019a0000-0000-7000-8000-000000000258,1782723600000,3,2,7529
019a0000-0000-7000-8000-000000000222,1782896400000,1,2,8333
019a0000-0000-7000-8000-000000000453,1782896400000,3,2,4278
019a0000-0000-7000-8000-000000000512,1782896400000,2,2,11491
019a0000-0000-7000-8000-000000000222,1783328400000,2,3,5385
019a0000-0000-7000-8000-000000000497,1783328400000,2,2,13068
019a0000-0000-7000-8000-000000000713,1783328400000,3,2,5711
019a0000-0000-7000-8000-000000000762,1783328400000,3,2,11185
019a0000-0000-7000-8000-000000000236,1783501200000,3,2,7395
019a0000-0000-7000-8000-000000000800,1783501200000,3,2,5011
019a0000-0000-7000-8000-000000000308,1783587600000,3,2,6066
019a0000-0000-7000-8000-000000000398,1783674000000,3,2,10683
019a0000-0000-7000-8000-000000000262,1783760400000,3,2,4771
019a0000-0000-7000-8000-000000000059,1783933200000,2,2,10779
019a0000-0000-7000-8000-000000000311,1783933200000,3,2,10920
019a0000-0000-7000-8000-000000000671,1783933200000,3,2,4400
019a0000-0000-7000-8000-000000000328,1784019600000,2,2,4278
019a0000-0000-7000-8000-000000000415,1784019600000,1,2,6915
019a0000-0000-7000-8000-000000000509,1784019600000,4,2,14032
019a0000-0000-7000-8000-000000000577,1784019600000,3,2,11344
019a0000-0000-7000-8000-000000000636,1784019600000,3,2,10925
019a0000-0000-7000-8000-000000000114,1784106000000,2,2,8441
019a0000-0000-7000-8000-000000000581,1784106000000,3,2,13261
019a0000-0000-7000-8000-000000000546,1784278800000,4,2,9393
019a0000-0000-7000-8000-000000000129,1784365200000,3,2,9388
019a0000-0000-7000-8000-000000000456,1784365200000,3,2,8403
019a0000-0000-7000-8000-000000000413,1784451600000,3,2,11597
019a0000-0000-7000-8000-000000000415,1784451600000,2,3,9824
019a0000-0000-7000-8000-000000000178,1784538000000,3,2,11101
019a0000-0000-7000-8000-000000000532,1784538000000,3,2,4510
019a0000-0000-7000-8000-000000000550,1784538000000,1,2,7582
019a0000-0000-7000-8000-000000000692,1784538000000,3,2,14751
019a0000-0000-7000-8000-000000000301,1784624400000,2,2,6894
019a0000-0000-7000-8000-000000000575,1784624400000,2,2,3567
019a0000-0000-7000-8000-000000000222,1784883600000,2,2,9770
019a0000-0000-7000-8000-000000000333,1784883600000,2,2,8603
019a0000-0000-7000-8000-000000000540,1784883600000,3,2,14736
019a0000-0000-7000-8000-000000000742,1784883600000,3,2,10694
019a0000-0000-7000-8000-000000000788,1784883600000,3,2,13689
019a0000-0000-7000-8000-000000000550,1784970000000,3,3,9847
019a0000-0000-7000-8000-000000000780,1785056400000,2,2,13321
019a0000-0000-7000-8000-000000000756,1785142800000,3,2,10708
019a0000-0000-7000-8000-000000000786,1785229200000,3,2,9279
019a0000-0000-7000-8000-000000000007,1785488400000,4,2,11649
019a0000-0000-7000-8000-000000000289,1785488400000,3,2,9091
019a0000-0000-7000-8000-000000000381,1785488400000,3,2,10139
019a0000-0000-7000-8000-000000000138,1785574800000,3,2,7033
019a0000-0000-7000-8000-000000000264,1785661200000,3,2,5105
019a0000-0000-7000-8000-000000000596,1785661200000,1,2,11164
019a0000-0000-7000-8000-000000000122,1785747600000,3,2,6930
019a0000-0000-7000-8000-000000000551,1785747600000,1,2,10142
019a0000-0000-7000-8000-000000000220,1785834000000,3,2,6170
019a0000-0000-7000-8000-000000000234,1785834000000,2,2,8257
019a0000-0000-7000-8000-000000000322,1785920400000,3,2,3324
019a0000-0000-7000-8000-000000000031,1786006800000,2,2,6067
019a0000-0000-7000-8000-000000000415,1786006800000,3,2,10239
019a0000-0000-7000-8000-000000000588,1786093200000,2,2,7951
019a0000-0000-7000-8000-000000000596,1786093200000,2,3,9986
019a0000-0000-7000-8000-000000000024,1786179600000,3,2,3123
019a0000-0000-7000-8000-000000000551,1786179600000,2,3,14624
019a0000-0000-7000-8000-000000000462,1786266000000,3,2,11763
019a0000-0000-7000-8000-000000000023,1786438800000,3,2,9261
019a0000-0000-7000-8000-000000000484,1786438800000,3,2,11448
019a0000-0000-7000-8000-000000000050,1786525200000,3,2,4036
019a0000-0000-7000-8000-000000000018,1786611600000,1,2,12172
019a0000-0000-7000-8000-000000000075,1786611600000,1,2,3097
019a0000-0000-7000-8000-000000000310,1786611600000,3,2,12866
019a0000-0000-7000-8000-000000000534,1786611600000,1,2,5828
019a0000-0000-7000-8000-000000000603,1786611600000,3,2,11067
019a0000-0000-7000-8000-000000000423,1786698000000,3,2,8822
019a0000-0000-7000-8000-000000000017,1786784400000,1,2,3920
019a0000-0000-7000-8000-000000000032,1786784400000,3,2,3466
019a0000-0000-7000-8000-000000000765,1786784400000,3,2,8272
019a0000-0000-7000-8000-000000000146,1786870800000,3,2,14394
019a0000-0000-7000-8000-000000000503,1786870800000,2,2,10975
019a0000-0000-7000-8000-000000000263,1786957200000,1,2,9378
019a0000-0000-7000-8000-000000000746,1786957200000,3,2,10575
019a0000-0000-7000-8000-000000000075,1787043600000,3,3,3305
019a0000-0000-7000-8000-000000000782,1787043600000,2,2,10568
019a0000-0000-7000-8000-000000000018,1787130000000,3,3,4243
019a0000-0000-7000-8000-000000000426,1787130000000,1,2,14164
019a0000-0000-7000-8000-000000000534,1787130000000,2,3,13117
019a0000-0000-7000-8000-000000000740,1787130000000,3,2,13313
019a0000-0000-7000-8000-000000000541,1787216400000,3,2,4535
019a0000-0000-7000-8000-000000000550,1787216400000,3,2,6273
019a0000-0000-7000-8000-000000000354,1787302800000,2,2,7935
019a0000-0000-7000-8000-000000000088,1787389200000,3,2,13889
019a0000-0000-7000-8000-000000000263,1787389200000,2,3,14241
019a0000-0000-7000-8000-000000000471,1787389200000,2,2,11657
019a0000-0000-7000-8000-000000000206,1787562000000,2,2,7342
019a0000-0000-7000-8000-000000000426,1787562000000,3,3,8754
019a0000-0000-7000-8000-000000000611,1787562000000,3,2,11254
019a0000-0000-7000-8000-000000000777,1787562000000,2,2,10780
019a0000-0000-7000-8000-000000000070,1787648400000,2,2,8433
019a0000-0000-7000-8000-000000000596,1787648400000,3,2,5166
019a0000-0000-7000-8000-000000000629,1787648400000,3,2,6486
019a0000-0000-7000-8000-000000000745,1787648400000,3,2,9783
019a0000-0000-7000-8000-000000000392,1787734800000,3,2,4962
019a0000-0000-7000-8000-000000000674,1787821200000,2,2,3669
019a0000-0000-7000-8000-000000000064,1787907600000,3,2,4295
019a0000-0000-7000-8000-000000000163,1787907600000,3,2,11115
019a0000-0000-7000-8000-000000000196,1787994000000,3,2,6161
019a0000-0000-7000-8000-000000000658,1787994000000,2,2,3011
019a0000-0000-7000-8000-000000000764,1787994000000,1,2,6905
019a0000-0000-7000-8000-000000000533,1788080400000,2,2,10845
019a0000-0000-7000-8000-000000000303,1788166800000,2,2,12573
019a0000-0000-7000-8000-000000000534,1788339600000,3,2,12503
019a0000-0000-7000-8000-000000000764,1788426000000,2,3,10750
019a0000-0000-7000-8000-000000000560,1788512400000,3,2,8009
019a0000-0000-7000-8000-000000000666,1788598800000,2,2,10149
019a0000-0000-7000-8000-000000000795,1788598800000,3,2,11583
019a0000-0000-7000-8000-000000000427,1788685200000,3,2,6817
019a0000-0000-7000-8000-000000000449,1788685200000,2,2,5165
019a0000-0000-7000-8000-000000000489,1788685200000,4,2,12962
019a0000-0000-7000-8000-000000000592,1788771600000,3,2,4405
019a0000-0000-7000-8000-000000000222,1788858000000,3,2,14428
019a0000-0000-7000-8000-000000000426,1788858000000,2,2,13561
019a0000-0000-7000-8000-000000000263,1788944400000,3,2,3112
019a0000-0000-7000-8000-000000000039,1789030800000,3,2,7685
019a0000-0000-7000-8000-000000000076,1789030800000,3,2,12242
019a0000-0000-7000-8000-000000000567,1789117200000,3,2,10269
019a0000-0000-7000-8000-000000000018,1789290000000,3,2,10423
019a0000-0000-7000-8000-000000000075,1789290000000,2,2,3731
019a0000-0000-7000-8000-000000000612,1789290000000,3,2,6694
019a0000-0000-7000-8000-000000000193,1789376400000,3,2,10063
019a0000-0000-7000-8000-000000000316,1789462800000,3,2,7682
019a0000-0000-7000-8000-000000000448,1789635600000,1,2,3977
019a0000-0000-7000-8000-000000000796,1789635600000,3,2,6487
019a0000-0000-7000-8000-000000000442,1789894800000,3,2,8154
019a0000-0000-7000-8000-000000000720,1789894800000,3,2,4553
019a0000-0000-7000-8000-000000000432,1789981200000,3,2,8273
019a0000-0000-7000-8000-000000000764,1789981200000,3,2,4496
019a0000-0000-7000-8000-000000000448,1790154000000,3,3,6332
019a0000-0000-7000-8000-000000000680,1790240400000,2,2,11130
019a0000-0000-7000-8000-000000000645,1790413200000,3,2,11899
019a0000-0000-7000-8000-000000000296,1790499600000,3,2,12640
019a0000-0000-7000-8000-000000000798,1790499600000,1,2,7649
019a0000-0000-7000-8000-000000000102,1790586000000,3,2,9928
019a0000-0000-7000-8000-000000000233,1790586000000,3,2,12730
019a0000-0000-7000-8000-000000000035,1790672400000,2,2,8838
019a0000-0000-7000-8000-000000000447,1790672400000,3,2,8543
019a0000-0000-7000-8000-000000000501,1790758800000,3,2,10189
019a0000-0000-7000-8000-000000000475,1790845200000,2,2,6574
019a0000-0000-7000-8000-000000000019,1790931600000,2,2,10866
019a0000-0000-7000-8000-000000000155,1791104400000,3,2,13523
019a0000-0000-7000-8000-000000000345,1791104400000,2,2,4267
019a0000-0000-7000-8000-000000000443,1791450000000,3,2,14434
019a0000-0000-7000-8000-000000000649,1791536400000,2,2,10368
019a0000-0000-7000-8000-000000000271,1791622800000,3,2,9545
019a0000-0000-7000-8000-000000000712,1791622800000,3,2,6869
019a0000-0000-7000-8000-000000000113,1791709200000,1,2,12262
019a0000-0000-7000-8000-000000000415,1791709200000,3,2,10915
019a0000-0000-7000-8000-000000000691,1791795600000,3,2,5717
019a0000-0000-7000-8000-000000000428,1792141200000,2,2,4479
019a0000-0000-7000-8000-000000000434,1792141200000,3,2,3219
019a0000-0000-7000-8000-000000000775,1792227600000,3,2,14464
019a0000-0000-7000-8000-000000000113,1792314000000,3,3,7510
019a0000-0000-7000-8000-000000000213,1792314000000,2,2,10327
019a0000-0000-7000-8000-000000000626,1792314000000,3,2,7475
019a0000-0000-7000-8000-000000000583,1792486800000,3,2,3116
019a0000-0000-7000-8000-000000000318,1792746000000,2,2,9114
019a0000-0000-7000-8000-000000000205,1792918800000,3,2,8183
019a0000-0000-7000-8000-000000000623,1793091600000,2,2,6543
019a0000-0000-7000-8000-000000000120,1793350800000,3,2,11637
019a0000-0000-7000-8000-000000000596,1793350800000,3,2,11466
019a0000-0000-7000-8000-000000000171,1793437200000,3,2,8782
019a0000-0000-7000-8000-000000000337,1793523600000,3,2,13796
019a0000-0000-7000-8000-000000000112,1793610000000,3,2,13077
019a0000-0000-7000-8000-000000000179,1793610000000,3,2,11252
019a0000-0000-7000-8000-000000000774,1793610000000,3,2,3798
019a0000-0000-7000-8000-000000000700,1793696400000,3,2,8156
019a0000-0000-7000-8000-000000000500,1793955600000,3,2,12105
019a0000-0000-7000-8000-000000000710,1793955600000,3,2,4851
019a0000-0000-7000-8000-000000000274,1794042000000,2,2,14747
019a0000-0000-7000-8000-000000000436,1794042000000,2,2,8204
019a0000-0000-7000-8000-000000000724,1794387600000,1,2,3909
019a0000-0000-7000-8000-000000000723,1794474000000,3,2,11194
019a0000-0000-7000-8000-000000000263,1794646800000,3,2,5049
019a0000-0000-7000-8000-000000000552,1794646800000,3,2,5267
019a0000-0000-7000-8000-000000000633,1794733200000,3,2,11586
019a0000-0000-7000-8000-000000000203,1794819600000,4,2,9769
019a0000-0000-7000-8000-000000000189,1795078800000,3,2,8964
019a0000-0000-7000-8000-000000000200,1795165200000,3,2,6655
019a0000-0000-7000-8000-000000000130,1795251600000,3,2,7105
019a0000-0000-7000-8000-000000000113,1795510800000,3,2,10710
019a0000-0000-7000-8000-000000000125,1795510800000,2,2,14498
019a0000-0000-7000-8000-000000000703,1795510800000,3,2,5703
019a0000-0000-7000-8000-000000000579,1795597200000,2,2,8662
019a0000-0000-7000-8000-000000000764,1795683600000,2,2,14156
019a0000-0000-7000-8000-000000000006,1795770000000,2,2,13021
019a0000-0000-7000-8000-000000000772,1795770000000,3,2,11092
019a0000-0000-7000-8000-000000000075,1796115600000,3,2,4286
019a0000-0000-7000-8000-000000000353,1796202000000,2,2,10941
019a0000-0000-7000-8000-000000000212,1796288400000,3,2,10324
019a0000-0000-7000-8000-000000000661,1796288400000,3,2,13544
019a0000-0000-7000-8000-000000000033,1796461200000,1,2,11172
019a0000-0000-7000-8000-000000000281,1796547600000,1,2,9247
019a0000-0000-7000-8000-000000000238,1796634000000,3,2,12372
019a0000-0000-7000-8000-000000000526,1796979600000,1,2,10791
019a0000-0000-7000-8000-000000000033,1797066000000,3,3,14582
019a0000-0000-7000-8000-000000000281,1797066000000,3,3,9662
019a0000-0000-7000-8000-000000000550,1797066000000,1,2,5624
019a0000-0000-7000-8000-000000000002,1797325200000,4,2,5739
019a0000-0000-7000-8000-000000000487,1797325200000,1,2,11995
019a0000-0000-7000-8000-000000000197,1797411600000,3,2,7972
019a0000-0000-7000-8000-000000000697,1797498000000,3,2,10642
019a0000-0000-7000-8000-000000000018,1797584400000,3,2,4619
019a0000-0000-7000-8000-000000000526,1797670800000,3,3,10553
019a0000-0000-7000-8000-000000000664,1797670800000,3,2,13214
019a0000-0000-7000-8000-000000000487,1798016400000,3,3,12382
019a0000-0000-7000-8000-000000000718,1798016400000,3,2,4220
019a0000-0000-7000-8000-000000000107,1798102800000,2,2,10135
019a0000-0000-7000-8000-000000000022,1798189200000,2,2,4380
019a0000-0000-7000-8000-000000000145,1798362000000,1,2,6544
019a0000-0000-7000-8000-000000000298,1798362000000,3,2,3422
019a0000-0000-7000-8000-000000000770,1798362000000,3,2,8958
019a0000-0000-7000-8000-000000000049,1798621200000,3,2,9566
019a0000-0000-7000-8000-000000000424,1798621200000,2,2,8658
019a0000-0000-7000-8000-000000000690,1798707600000,3,2,7869
019a0000-0000-7000-8000-000000000647,1798794000000,4,2,3797
019a0000-0000-7000-8000-000000000145,1798880400000,3,3,5166
019a0000-0000-7000-8000-000000000277,1798966800000,2,2,12087
019a0000-0000-7000-8000-000000000763,1798966800000,3,2,3004
019a0000-0000-7000-8000-000000000121,1799139600000,3,2,9978
019a0000-0000-7000-8000-000000000736,1799398800000,2,2,11522
019a0000-0000-7000-8000-000000000709,1799485200000,3,2,12082
019a0000-0000-7000-8000-000000000246,1799571600000,2,2,9544
019a0000-0000-7000-8000-000000000012,1799658000000,2,2,5767
019a0000-0000-7000-8000-000000000313,1799917200000,3,2,6577
019a0000-0000-7000-8000-000000000331,1800090000000,3,2,9924
019a0000-0000-7000-8000-000000000379,1800176400000,3,2,5915
019a0000-0000-7000-8000-000000000779,1800176400000,3,2,13039
019a0000-0000-7000-8000-000000000033,1800262800000,3,2,8098
019a0000-0000-7000-8000-000000000495,1800262800000,3,2,5389
019a0000-0000-7000-8000-000000000687,1800262800000,3,2,6023
019a0000-0000-7000-8000-000000000604,1800522000000,3,2,12579
019a0000-0000-7000-8000-000000000162,1800781200000,3,2,8478
019a0000-0000-7000-8000-000000000237,1800867600000,2,2,11423
019a0000-0000-7000-8000-000000000272,1800867600000,3,2,13156
019a0000-0000-7000-8000-000000000526,1801213200000,3,2,6812
019a0000-0000-7000-8000-000000000036,1801386000000,3,2,6458
019a0000-0000-7000-8000-000000000061,1801386000000,3,2,12196
019a0000-0000-7000-8000-000000000096,1801558800000,3,2,11121
019a0000-0000-7000-8000-000000000487,1801558800000,3,2,3046
019a0000-0000-7000-8000-000000000537,1801818000000,2,2,14060
019a0000-0000-7000-8000-000000000357,1801904400000,3,2,6863
019a0000-0000-7000-8000-000000000204,1801990800000,3,2,9840
019a0000-0000-7000-8000-000000000508,1802077200000,3,2,4820
019a0000-0000-7000-8000-000000000524,1802163600000,2,2,4927
019a0000-0000-7000-8000-000000000543,1802422800000,3,2,14616
019a0000-0000-7000-8000-000000000410,1802768400000,3,2,4053
019a0000-0000-7000-8000-000000000513,1802854800000,3,2,5928
019a0000-0000-7000-8000-000000000544,1802941200000,3,2,13948
019a0000-0000-7000-8000-000000000402,1803027600000,3,2,14424
019a0000-0000-7000-8000-000000000467,1803114000000,3,2,4126
019a0000-0000-7000-8000-000000000486,1803200400000,3,2,6993
019a0000-0000-7000-8000-000000000321,1803286800000,3,2,9720
019a0000-0000-7000-8000-000000000404,1803632400000,2,2,5418
019a0000-0000-7000-8000-000000000652,1803805200000,3,2,8421
019a0000-0000-7000-8000-000000000011,1803978000000,3,2,5205
019a0000-0000-7000-8000-000000000058,1804237200000,3,2,14291
019a0000-0000-7000-8000-000000000111,1804323600000,3,2,11311
019a0000-0000-7000-8000-000000000336,1804410000000,3,2,9691
019a0000-0000-7000-8000-000000000046,1804582800000,1,2,11287
019a0000-0000-7000-8000-000000000421,1804842000000,1,2,6551
019a0000-0000-7000-8000-000000000046,1805101200000,3,3,9534
019a0000-0000-7000-8000-000000000586,1805101200000,3,2,6606
019a0000-0000-7000-8000-000000000363,1805187600000,3,2,3668
019a0000-0000-7000-8000-000000000191,1805619600000,1,2,14045
019a0000-0000-7000-8000-000000000269,1805965200000,4,2,11442
019a0000-0000-7000-8000-000000000582,1806051600000,1,2,3792
019a0000-0000-7000-8000-000000000191,1806138000000,3,3,13854
019a0000-0000-7000-8000-000000000668,1806224400000,3,2,4500
019a0000-0000-7000-8000-000000000621,1806397200000,4,2,10486
019a0000-0000-7000-8000-000000000688,1806397200000,1,2,8552
019a0000-0000-7000-8000-000000000183,1806483600000,4,2,13939
019a0000-0000-7000-8000-000000000348,1806483600000,3,2,9703
019a0000-0000-7000-8000-000000000582,1806570000000,3,3,8993
019a0000-0000-7000-8000-000000000451,1806742800000,3,2,7859
019a0000-0000-7000-8000-000000000510,1806829200000,2,2,12381
019a0000-0000-7000-8000-000000000688,1807002000000,3,3,10262
019a0000-0000-7000-8000-000000000696,1807002000000,4,2,5227
019a0000-0000-7000-8000-000000000244,1807174800000,3,2,10301
019a0000-0000-7000-8000-000000000614,1807347600000,2,2,7520
019a0000-0000-7000-8000-000000000684,1807347600000,2,2,11007
019a0000-0000-7000-8000-000000000584,1807520400000,3,2,3267
019a0000-0000-7000-8000-000000000681,1807693200000,3,2,13390
019a0000-0000-7000-8000-000000000182,1807779600000,3,2,14344
019a0000-0000-7000-8000-000000000069,1808211600000,3,2,13440
019a0000-0000-7000-8000-000000000737,1808384400000,1,2,9131
019a0000-0000-7000-8000-000000000072,1808643600000,3,2,8069
019a0000-0000-7000-8000-000000000323,1808730000000,2,2,4703
019a0000-0000-7000-8000-000000000737,1808902800000,4,3,6569
019a0000-0000-7000-8000-000000000384,1809075600000,3,2,3942
019a0000-0000-7000-8000-000000000270,1809162000000,1,2,14595
019a0000-0000-7000-8000-000000000648,1809162000000,3,2,8909
019a0000-0000-7000-8000-000000000688,1809421200000,3,2,3613
019a0000-0000-7000-8000-000000000041,1809594000000,2,2,14096
019a0000-0000-7000-8000-000000000716,1809594000000,2,2,5829
019a0000-0000-7000-8000-000000000667,1809680400000,3,2,10228
019a0000-0000-7000-8000-000000000270,1809766800000,3,3,9796
019a0000-0000-7000-8000-000000000394,1809853200000,3,2,5243
019a0000-0000-7000-8000-000000000113,1810112400000,3,2,13994
019a0000-0000-7000-8000-000000000156,1810112400000,3,2,7004
019a0000-0000-7000-8000-000000000741,1810198800000,1,2,3781
019a0000-0000-7000-8000-000000000588,1810458000000,2,2,8809
019a0000-0000-7000-8000-000000000016,1810544400000,3,2,7240
019a0000-0000-7000-8000-000000000741,1810803600000,3,3,14170
019a0000-0000-7000-8000-000000000192,1810976400000,3,2,8281
019a0000-0000-7000-8000-000000000198,1811062800000,1,2,10211
019a0000-0000-7000-8000-000000000286,1811062800000,4,2,14611
019a0000-0000-7000-8000-000000000554,1811494800000,3,2,13850
019a0000-0000-7000-8000-000000000198,1811581200000,3,3,8493
019a0000-0000-7000-8000-000000000038,1811667600000,1,2,9426
019a0000-0000-7000-8000-000000000218,1811667600000,2,2,6053
019a0000-0000-7000-8000-000000000737,1811754000000,3,2,13679
019a0000-0000-7000-8000-000000000365,1811926800000,2,2,4565
019a0000-0000-7000-8000-000000000662,1811926800000,3,2,8690
019a0000-0000-7000-8000-000000000530,1812013200000,3,2,6159
019a0000-0000-7000-8000-000000000270,1812099600000,3,2,10535
019a0000-0000-7000-8000-000000000038,1812186000000,3,3,5375
019a0000-0000-7000-8000-000000000672,1812186000000,3,2,3150
019a0000-0000-7000-8000-000000000686,1812186000000,3,2,14766
019a0000-0000-7000-8000-000000000665,1812618000000,3,2,5208
019a0000-0000-7000-8000-000000000136,1812704400000,2,2,5338
019a0000-0000-7000-8000-000000000157,1813136400000,2,2,4538
019a0000-0000-7000-8000-000000000504,1813395600000,1,2,13181
019a0000-0000-7000-8000-000000000519,1813395600000,4,2,5180
019a0000-0000-7000-8000-000000000151,1813827600000,4,2,5661
019a0000-0000-7000-8000-000000000048,1813914000000,2,2,8207
019a0000-0000-7000-8000-000000000504,1813914000000,3,3,10842
019a0000-0000-7000-8000-000000000660,1814086800000,1,2,14730
019a0000-0000-7000-8000-000000000388,1814259600000,1,2,5916
019a0000-0000-7000-8000-000000000797,1814259600000,2,2,4931
019a0000-0000-7000-8000-000000000350,1814605200000,2,2,7745
019a0000-0000-7000-8000-000000000565,1814778000000,2,2,11149
019a0000-0000-7000-8000-000000000660,1814778000000,3,3,7764
019a0000-0000-7000-8000-000000000033,1814864400000,3,2,14075
019a0000-0000-7000-8000-000000000704,1814864400000,3,2,13010
019a0000-0000-7000-8000-000000000388,1814950800000,1,3,12358
019a0000-0000-7000-8000-000000000388,1815037200000,3,3,8632
019a0000-0000-7000-8000-000000000632,1815210000000,3,2,7384
019a0000-0000-7000-8000-000000000388,1815382800000,3,2,9114
019a0000-0000-7000-8000-000000000502,1815469200000,3,2,11098
019a0000-0000-7000-8000-000000000396,1815642000000,3,2,14856
019a0000-0000-7000-8000-000000000619,1816592400000,3,2,13151
019a0000-0000-7000-8000-000000000255,1816938000000,2,2,9354
019a0000-0000-7000-8000-000000000140,1817024400000,3,2,6557
019a0000-0000-7000-8000-000000000526,1817283600000,3,2,8530
019a0000-0000-7000-8000-000000000492,1817370000000,3,2,13082
019a0000-0000-7000-8000-000000000063,1817456400000,3,2,6614
019a0000-0000-7000-8000-000000000086,1817456400000,3,2,10262
019a0000-0000-7000-8000-000000000487,1817629200000,2,2,13865
019a0000-0000-7000-8000-000000000660,1818320400000,3,2,4170
019a0000-0000-7000-8000-000000000295,1818406800000,3,2,14437
019a0000-0000-7000-8000-000000000590,1818493200000,3,2,8363
019a0000-0000-7000-8000-000000000243,1818579600000,3,2,7933
019a0000-0000-7000-8000-000000000340,1818579600000,2,2,6752
019a0000-0000-7000-8000-000000000600,1818579600000,3,2,12232
019a0000-0000-7000-8000-000000000759,1818666000000,2,2,14370
019a0000-0000-7000-8000-000000000229,1819530000000,3,2,3038
019a0000-0000-7000-8000-000000000001,1819616400000,1,2,12827
019a0000-0000-7000-8000-000000000252,1819616400000,3,2,7945
019a0000-0000-7000-8000-000000000620,1819616400000,2,2,6541
019a0000-0000-7000-8000-000000000473,1819702800000,2,2,7593
019a0000-0000-7000-8000-000000000566,1819702800000,3,2,4750
019a0000-0000-7000-8000-000000000300,1819962000000,1,2,14668
019a0000-0000-7000-8000-000000000390,1820048400000,3,2,4350
019a0000-0000-7000-8000-000000000027,1820134800000,2,2,8141
019a0000-0000-7000-8000-000000000001,1820221200000,2,3,5849
019a0000-0000-7000-8000-000000000498,1820566800000,1,2,5363
019a0000-0000-7000-8000-000000000300,1820653200000,2,3,10550
019a0000-0000-7000-8000-000000000505,1820653200000,3,2,10014
019a0000-0000-7000-8000-000000000030,1820739600000,3,2,5481
019a0000-0000-7000-8000-000000000545,1820826000000,2,2,6234
019a0000-0000-7000-8000-000000000361,1820998800000,3,2,14318
019a0000-0000-7000-8000-000000000656,1820998800000,4,2,4608
019a0000-0000-7000-8000-000000000498,1821258000000,2,3,3607
019a0000-0000-7000-8000-000000000574,1821430800000,2,2,11497
019a0000-0000-7000-8000-000000000496,1821517200000,2,2,12258
019a0000-0000-7000-8000-000000000559,1821517200000,1,2,8561
019a0000-0000-7000-8000-000000000717,1821517200000,3,2,4046
019a0000-0000-7000-8000-000000000097,1821603600000,2,2,10202
019a0000-0000-7000-8000-000000000001,1821862800000,3,2,13786
019a0000-0000-7000-8000-000000000559,1822122000000,3,3,6038
019a0000-0000-7000-8000-000000000292,1822208400000,3,2,4921
019a0000-0000-7000-8000-000000000352,1822208400000,3,2,14517
019a0000-0000-7000-8000-000000000081,1822294800000,2,2,6168
019a0000-0000-7000-8000-000000000319,1822381200000,3,2,5178
019a0000-0000-7000-8000-000000000383,1822467600000,1,2,13081
019a0000-0000-7000-8000-000000000787,1822726800000,2,2,5691
019a0000-0000-7000-8000-000000000116,1822813200000,3,2,7387
019a0000-0000-7000-8000-000000000300,1823072400000,3,2,6080
019a0000-0000-7000-8000-000000000383,1823158800000,2,3,13808
019a0000-0000-7000-8000-000000000498,1823158800000,3,2,14909
019a0000-0000-7000-8000-000000000014,1823418000000,1,2,9963
019a0000-0000-7000-8000-000000000201,1823418000000,3,2,12786
019a0000-0000-7000-8000-000000000118,1823590800000,3,2,11010
019a0000-0000-7000-8000-000000000378,1823590800000,2,2,11475
019a0000-0000-7000-8000-000000000591,1823590800000,1,2,6806
019a0000-0000-7000-8000-000000000738,1823763600000,3,2,14283
019a0000-0000-7000-8000-000000000014,1824022800000,3,3,14729
019a0000-0000-7000-8000-000000000616,1824195600000,3,2,10590
019a0000-0000-7000-8000-000000000781,1824195600000,2,2,11619
019a0000-0000-7000-8000-000000000591,1824282000000,3,3,14950
019a0000-0000-7000-8000-000000000562,1824368400000,3,2,7115
019a0000-0000-7000-8000-000000000045,1824454800000,1,2,4003
019a0000-0000-7000-8000-000000000401,1825232400000,3,2,10479
019a0000-0000-7000-8000-000000000657,1825405200000,3,2,7662
019a0000-0000-7000-8000-000000000219,1825578000000,2,2,12356
019a0000-0000-7000-8000-000000000383,1825578000000,3,2,10409
019a0000-0000-7000-8000-000000000441,1825750800000,3,2,9746
019a0000-0000-7000-8000-000000000490,1825837200000,3,2,8553
019a0000-0000-7000-8000-000000000137,1825923600000,1,2,6012
019a0000-0000-7000-8000-000000000598,1826010000000,3,2,5956
019a0000-0000-7000-8000-000000000538,1826096400000,3,2,12955
019a0000-0000-7000-8000-000000000066,1826269200000,3,2,3476
019a0000-0000-7000-8000-000000000014,1826442000000,2,2,11030
019a0000-0000-7000-8000-000000000137,1826528400000,3,3,11118
019a0000-0000-7000-8000-000000000103,1826701200000,3,2,13982
019a0000-0000-7000-8000-000000000087,1826787600000,3,2,10177
019a0000-0000-7000-8000-000000000512,1827219600000,3,2,5371
019a0000-0000-7000-8000-000000000669,1827478800000,3,2,8376
019a0000-0000-7000-8000-000000000778,1827565200000,3,2,7849
019a0000-0000-7000-8000-000000000719,1827651600000,3,2,10084
019a0000-0000-7000-8000-000000000314,1827738000000,2,2,7223
019a0000-0000-7000-8000-000000000494,1827738000000,2,2,13667
019a0000-0000-7000-8000-000000000757,1827738000000,3,2,10921
019a0000-0000-7000-8000-000000000591,1827824400000,2,2,9057
019a0000-0000-7000-8000-000000000059,1827997200000,3,2,4528
019a0000-0000-7000-8000-000000000464,1828083600000,3,2,3126
019a0000-0000-7000-8000-000000000735,1828515600000,2,2,9212
019a0000-0000-7000-8000-000000000380,1828688400000,2,2,12107
019a0000-0000-7000-8000-000000000247,1828861200000,3,2,3156
019a0000-0000-7000-8000-000000000268,1828947600000,3,2,10325
019a0000-0000-7000-8000-000000000575,1828947600000,2,2,10079
019a0000-0000-7000-8000-000000000485,1829206800000,3,2,9379
019a0000-0000-7000-8000-000000000329,1829898000000,3,2,5303
019a0000-0000-7000-8000-000000000054,1830070800000,3,2,11582
019a0000-0000-7000-8000-000000000160,1830070800000,3,2,3181
019a0000-0000-7000-8000-000000000517,1830157200000,3,2,14775
019a0000-0000-7000-8000-000000000466,1830243600000,2,2,11139
019a0000-0000-7000-8000-000000000514,1830762000000,1,2,4047
019a0000-0000-7000-8000-000000000542,1830848400000,1,2,9268
019a0000-0000-7000-8000-000000000098,1831021200000,3,2,3661
019a0000-0000-7000-8000-000000000241,1831107600000,3,2,5147
019a0000-0000-7000-8000-000000000630,1831107600000,3,2,7509
019a0000-0000-7000-8000-000000000307,1831194000000,3,2,14061
019a0000-0000-7000-8000-000000000514,1831366800000,3,3,10428
019a0000-0000-7000-8000-000000000542,1831539600000,2,3,5789
019a0000-0000-7000-8000-000000000067,1831626000000,1,2,12035
019a0000-0000-7000-8000-000000000422,1831798800000,3,2,7666
019a0000-0000-7000-8000-000000000792,1831971600000,2,2,3130
019a0000-0000-7000-8000-000000000300,1832144400000,3,2,7966
019a0000-0000-7000-8000-000000000429,1832144400000,3,2,11101
019a0000-0000-7000-8000-000000000067,1832230800000,3,3,8347
019a0000-0000-7000-8000-000000000754,1832403600000,3,2,11714
019a0000-0000-7000-8000-000000000293,1832490000000,2,2,13951
019a0000-0000-7000-8000-000000000679,1832922000000,3,2,14575
019a0000-0000-7000-8000-000000000542,1833440400000,3,2,13539
019a0000-0000-7000-8000-000000000289,1833526800000,3,2,4988
019a0000-0000-7000-8000-000000000767,1833526800000,3,2,11909
019a0000-0000-7000-8000-000000000514,1833699600000,3,2,4594
019a0000-0000-7000-8000-000000000761,1833699600000,3,2,7274
019a0000-0000-7000-8000-000000000053,1834045200000,2,2,10273
019a0000-0000-7000-8000-000000000435,1834131600000,2,2,5939
019a0000-0000-7000-8000-000000000188,1834218000000,3,2,3670
019a0000-0000-7000-8000-000000000577,1834390800000,2,2,13602
019a0000-0000-7000-8000-000000000660,1834390800000,1,2,13253
019a0000-0000-7000-8000-000000000383,1834650000000,3,2,9544
019a0000-0000-7000-8000-000000000239,1835168400000,2,2,9583
019a0000-0000-7000-8000-000000000698,1835254800000,1,2,12954
019a0000-0000-7000-8000-000000000008,1835427600000,3,2,8374
019a0000-0000-7000-8000-000000000284,1835600400000,3,2,11515
019a0000-0000-7000-8000-000000000366,1835600400000,3,2,14471
019a0000-0000-7000-8000-000000000459,1835773200000,2,2,12881
019a0000-0000-7000-8000-000000000561,1835773200000,3,2,7847
019a0000-0000-7000-8000-000000000585,1835773200000,2,2,10945
019a0000-0000-7000-8000-000000000698,1835946000000,3,3,14146
019a0000-0000-7000-8000-000000000790,1835946000000,3,2,6111
019a0000-0000-7000-8000-000000000354,1836032400000,1,2,13721
019a0000-0000-7000-8000-000000000372,1836378000000,3,2,8086
019a0000-0000-7000-8000-000000000354,1836637200000,3,3,12978
019a0000-0000-7000-8000-000000000215,1836723600000,2,2,4555
019a0000-0000-7000-8000-000000000412,1836810000000,3,2,6465
019a0000-0000-7000-8000-000000000594,1837155600000,3,2,4279
019a0000-0000-7000-8000-000000000003,1837414800000,1,2,14984
019a0000-0000-7000-8000-000000000003,1838106000000,4,3,13598
019a0000-0000-7000-8000-000000000698,1838624400000,3,2,8768
019a0000-0000-7000-8000-000000000591,1838970000000,3,2,7203
019a0000-0000-7000-8000-000000000752,1839142800000,4,2,8169
019a0000-0000-7000-8000-000000000149,1839402000000,3,2,5255
019a0000-0000-7000-8000-000000000460,1839488400000,3,2,10499
019a0000-0000-7000-8000-000000000341,1839574800000,2,2,9816
019a0000-0000-7000-8000-000000000190,1839920400000,3,2,3305
019a0000-0000-7000-8000-000000000450,1840525200000,2,2,12681
019a0000-0000-7000-8000-000000000250,1840611600000,3,2,10349
019a0000-0000-7000-8000-000000000536,1840784400000,2,2,14313
019a0000-0000-7000-8000-000000000126,1841043600000,3,2,7744
019a0000-0000-7000-8000-000000000043,1841389200000,1,2,12735
019a0000-0000-7000-8000-000000000043,1842080400000,1,3,8274
019a0000-0000-7000-8000-000000000043,1842166800000,2,3,14753
019a0000-0000-7000-8000-000000000780,1842339600000,2,2,4512
019a0000-0000-7000-8000-000000000003,1842512400000,3,2,3882
019a0000-0000-7000-8000-000000000642,1842512400000,1,2,11542
019a0000-0000-7000-8000-000000000177,1842685200000,3,2,11038
019a0000-0000-7000-8000-000000000773,1843030800000,2,2,7091
019a0000-0000-7000-8000-000000000642,1843117200000,3,3,11330
019a0000-0000-7000-8000-000000000800,1843117200000,3,2,10596
019a0000-0000-7000-8000-000000000143,1843203600000,3,2,9945
019a0000-0000-7000-8000-000000000556,1843203600000,1,2,5053
019a0000-0000-7000-8000-000000000242,1843549200000,3,2,8561
019a0000-0000-7000-8000-000000000556,1843808400000,3,3,7518
019a0000-0000-7000-8000-000000000322,1844413200000,2,2,3827
019a0000-0000-7000-8000-000000000028,1844672400000,3,2,14838
019a0000-0000-7000-8000-000000000266,1845968400000,3,2,13356
019a0000-0000-7000-8000-000000000482,1846141200000,3,2,12939
019a0000-0000-7000-8000-000000000084,1846659600000,3,2,10314
019a0000-0000-7000-8000-000000000398,1847869200000,3,2,4178
019a0000-0000-7000-8000-000000000092,1848214800000,2,2,12525
019a0000-0000-7000-8000-000000000411,1848387600000,3,2,11700
019a0000-0000-7000-8000-000000000641,1848560400000,1,2,11987
019a0000-0000-7000-8000-000000000675,1848733200000,3,2,10521
019a0000-0000-7000-8000-000000000480,1848819600000,3,2,10044
019a0000-0000-7000-8000-000000000701,1848906000000,3,2,14893
019a0000-0000-7000-8000-000000000539,1849078800000,1,2,3059
019a0000-0000-7000-8000-000000000693,1849078800000,3,2,10060
019a0000-0000-7000-8000-000000000641,1849251600000,3,3,3826
019a0000-0000-7000-8000-000000000221,1849424400000,3,2,14615
019a0000-0000-7000-8000-000000000539,1849770000000,3,3,8144
019a0000-0000-7000-8000-000000000105,1849856400000,3,2,3738
019a0000-0000-7000-8000-000000000226,1849942800000,3,2,5211
019a0000-0000-7000-8000-000000000711,1850202000000,1,2,7747
019a0000-0000-7000-8000-000000000547,1850720400000,3,2,5506
019a0000-0000-7000-8000-000000000711,1850893200000,2,3,8019
019a0000-0000-7000-8000-000000000010,1850979600000,1,2,9298
019a0000-0000-7000-8000-000000000068,1850979600000,2,2,5850
019a0000-0000-7000-8000-000000000057,1851411600000,2,2,4255
019a0000-0000-7000-8000-000000000290,1851584400000,2,2,6009
019a0000-0000-7000-8000-000000000010,1851670800000,2,3,14240
019a0000-0000-7000-8000-000000000382,1851670800000,3,2,11324
019a0000-0000-7000-8000-000000000641,1851930000000,2,2,6528
019a0000-0000-7000-8000-000000000042,1852189200000,4,2,10431
019a0000-0000-7000-8000-000000000760,1852189200000,3,2,10731
019a0000-0000-7000-8000-000000000539,1852448400000,3,2,8975
019a0000-0000-7000-8000-000000000055,1852707600000,2,2,12561
019a0000-0000-7000-8000-000000000742,1852794000000,3,2,7947
019a0000-0000-7000-8000-000000000711,1852880400000,3,2,3078
019a0000-0000-7000-8000-000000000010,1853571600000,3,2,11333
019a0000-0000-7000-8000-000000000710,1853571600000,3,2,12950
019a0000-0000-7000-8000-000000000259,1854176400000,3,2,6383
019a0000-0000-7000-8000-000000000440,1854694800000,1,2,8444
019a0000-0000-7000-8000-000000000749,1854694800000,3,2,3666
019a0000-0000-7000-8000-000000000022,1855472400000,2,2,12132
019a0000-0000-7000-8000-000000000025,1856077200000,3,2,4693
019a0000-0000-7000-8000-000000000320,1856336400000,3,2,6582
019a0000-0000-7000-8000-000000000795,1856509200000,4,2,6728
019a0000-0000-7000-8000-000000000371,1856595600000,2,2,14391
019a0000-0000-7000-8000-000000000769,1857632400000,1,2,6900
019a0000-0000-7000-8000-000000000758,1857718800000,3,2,12025
019a0000-0000-7000-8000-000000000471,1858237200000,2,2,3212
019a0000-0000-7000-8000-000000000766,1858323600000,3,2,5840
019a0000-0000-7000-8000-000000000769,1858410000000,2,3,8388
019a0000-0000-7000-8000-000000000516,1858842000000,3,2,11708
019a0000-0000-7000-8000-000000000406,1858928400000,3,2,9076
019a0000-0000-7000-8000-000000000155,1859014800000,3,2,7102
019a0000-0000-7000-8000-000000000211,1859101200000,2,2,12362
019a0000-0000-7000-8000-000000000666,1859446800000,2,2,11463
019a0000-0000-7000-8000-000000000655,1859533200000,3,2,12624
019a0000-0000-7000-8000-000000000507,1859619600000,3,2,7235
019a0000-0000-7000-8000-000000000317,1860397200000,2,2,3965
019a0000-0000-7000-8000-000000000235,1860570000000,2,2,10808
019a0000-0000-7000-8000-000000000769,1860829200000,3,2,12872
019a0000-0000-7000-8000-000000000085,1861261200000,1,2,6636
019a0000-0000-7000-8000-000000000085,1861952400000,3,3,7793
019a0000-0000-7000-8000-000000000297,1862470800000,2,2,5290
019a0000-0000-7000-8000-000000000254,1862557200000,3,2,3343
019a0000-0000-7000-8000-000000000184,1864026000000,3,2,12301
019a0000-0000-7000-8000-000000000227,1864026000000,3,2,7625
019a0000-0000-7000-8000-000000000456,1864285200000,4,2,3699
019a0000-0000-7000-8000-000000000532,1864458000000,2,2,4477
019a0000-0000-7000-8000-000000000085,1864717200000,3,2,10132
019a0000-0000-7000-8000-000000000217,1865322000000,2,2,7686
019a0000-0000-7000-8000-000000000635,1865322000000,2,2,12680
019a0000-0000-7000-8000-000000000208,1867568400000,3,2,11141
019a0000-0000-7000-8000-000000000234,1869382800000,3,2,7866
019a0000-0000-7000-8000-000000000425,1869555600000,4,2,6599
019a0000-0000-7000-8000-000000000602,1869555600000,3,2,10951
019a0000-0000-7000-8000-000000000520,1869642000000,3,2,9707
019a0000-0000-7000-8000-000000000395,1869987600000,3,2,12523
019a0000-0000-7000-8000-000000000213,1870074000000,2,2,4324
019a0000-0000-7000-8000-000000000770,1870333200000,3,2,10094
019a0000-0000-7000-8000-000000000503,1870419600000,3,2,13532
019a0000-0000-7000-8000-000000000231,1871283600000,2,2,10948
019a0000-0000-7000-8000-000000000658,1871542800000,3,2,3892
019a0000-0000-7000-8000-000000000618,1871629200000,3,2,10608
019a0000-0000-7000-8000-000000000521,1871715600000,3,2,12423
019a0000-0000-7000-8000-000000000399,1871802000000,3,2,9935
019a0000-0000-7000-8000-000000000362,1872752400000,4,2,3670
019a0000-0000-7000-8000-000000000110,1872925200000,3,2,5374
019a0000-0000-7000-8000-000000000294,1873098000000,1,2,3861
019a0000-0000-7000-8000-000000000774,1873530000000,3,2,12478
019a0000-0000-7000-8000-000000000294,1873789200000,3,3,8997
019a0000-0000-7000-8000-000000000707,1873962000000,3,2,10196
019a0000-0000-7000-8000-000000000125,1874998800000,3,2,11786
019a0000-0000-7000-8000-000000000148,1875344400000,3,2,10566
019a0000-0000-7000-8000-000000000328,1875949200000,3,2,3218
019a0000-0000-7000-8000-000000000661,1876208400000,3,2,10385
019a0000-0000-7000-8000-000000000294,1876554000000,3,2,6479
019a0000-0000-7000-8000-000000000301,1876554000000,3,2,5749
019a0000-0000-7000-8000-000000000031,1877936400000,2,2,9809
019a0000-0000-7000-8000-000000000400,1878282000000,3,2,10003
019a0000-0000-7000-8000-000000000674,1879750800000,1,2,9081
019a0000-0000-7000-8000-000000000533,1880010000000,3,2,9901
019a0000-0000-7000-8000-000000000674,1880442000000,2,3,7293
019a0000-0000-7000-8000-000000000264,1880874000000,3,2,3898
019a0000-0000-7000-8000-000000000333,1881133200000,1,2,5698
019a0000-0000-7000-8000-000000000750,1881565200000,3,2,13947
019a0000-0000-7000-8000-000000000333,1881824400000,2,3,14870
019a0000-0000-7000-8000-000000000424,1882170000000,3,2,6821
019a0000-0000-7000-8000-000000000674,1882429200000,3,2,8497
019a0000-0000-7000-8000-000000000347,1882515600000,3,2,14796
019a0000-0000-7000-8000-000000000278,1883293200000,4,2,3347
019a0000-0000-7000-8000-000000000100,1884675600000,3,2,10810
019a0000-0000-7000-8000-000000000736,1884762000000,1,2,11417
019a0000-0000-7000-8000-000000000034,1885712400000,3,2,3974
019a0000-0000-7000-8000-000000000223,1886144400000,3,2,14398
019a0000-0000-7000-8000-000000000777,1886403600000,3,2,7726
019a0000-0000-7000-8000-000000000796,1888131600000,3,2,6043
019a0000-0000-7000-8000-000000000680,1888995600000,3,2,8210
019a0000-0000-7000-8000-000000000245,1889168400000,3,2,4763
019a0000-0000-7000-8000-000000000799,1889427600000,2,2,9679
019a0000-0000-7000-8000-000000000475,1889686800000,3,2,10225
019a0000-0000-7000-8000-000000000374,1891587600000,1,2,8417
019a0000-0000-7000-8000-000000000374,1892365200000,3,3,8532
019a0000-0000-7000-8000-000000000529,1892970000000,3,2,3442
019a0000-0000-7000-8000-000000000200,1893661200000,3,2,10509
019a0000-0000-7000-8000-000000000353,1895043600000,3,2,13526
019a0000-0000-7000-8000-000000000374,1895907600000,3,2,3467
019a0000-0000-7000-8000-000000000207,1897203600000,3,2,7923
019a0000-0000-7000-8000-000000000454,1897462800000,3,2,8752
019a0000-0000-7000-8000-000000000593,1897635600000,3,2,7814
019a0000-0000-7000-8000-000000000351,1898413200000,3,2,13966
019a0000-0000-7000-8000-000000000157,1898499600000,3,2,9767
019a0000-0000-7000-8000-000000000315,1898586000000,3,2,11188
019a0000-0000-7000-8000-000000000644,1898586000000,3,2,14089
019a0000-0000-7000-8000-000000000386,1898672400000,2,2,9568
019a0000-0000-7000-8000-000000000436,1898672400000,1,2,7026
019a0000-0000-7000-8000-000000000578,1898845200000,3,2,10570
019a0000-0000-7000-8000-000000000445,1899018000000,3,2,13704
019a0000-0000-7000-8000-000000000531,1899018000000,3,2,14722
019a0000-0000-7000-8000-000000000133,1899104400000,3,2,11235
019a0000-0000-7000-8000-000000000768,1899190800000,2,2,7140
019a0000-0000-7000-8000-000000000020,1899363600000,3,2,14994
019a0000-0000-7000-8000-000000000436,1899363600000,4,3,12206
019a0000-0000-7000-8000-000000000302,1899450000000,3,2,10685
019a0000-0000-7000-8000-000000000558,1899795600000,3,2,3531
019a0000-0000-7000-8000-000000000150,1899968400000,2,2,12518
019a0000-0000-7000-8000-000000000096,1900054800000,1,2,3573
019a0000-0000-7000-8000-000000000469,1900054800000,3,2,4710
019a0000-0000-7000-8000-000000000410,1901264400000,2,2,11212
019a0000-0000-7000-8000-000000000564,1901696400000,3,2,12034
019a0000-0000-7000-8000-000000000040,1901955600000,3,2,8533
019a0000-0000-7000-8000-000000000107,1902474000000,2,2,8609
019a0000-0000-7000-8000-000000000605,1902474000000,3,2,10755
019a0000-0000-7000-8000-000000000439,1902560400000,2,2,10311
019a0000-0000-7000-8000-000000000009,1902733200000,3,2,14830
019a0000-0000-7000-8000-000000000617,1902819600000,3,2,8706
019a0000-0000-7000-8000-000000000308,1903251600000,3,2,11838
019a0000-0000-7000-8000-000000000695,1903510800000,3,2,11680
019a0000-0000-7000-8000-000000000325,1903683600000,3,2,7235
019a0000-0000-7000-8000-000000000414,1904115600000,3,2,14337
019a0000-0000-7000-8000-000000000568,1904202000000,3,2,7468
019a0000-0000-7000-8000-000000000515,1904288400000,3,2,10220
019a0000-0000-7000-8000-000000000793,1904806800000,3,2,8032
019a0000-0000-7000-8000-000000000327,1905152400000,3,2,3666
019a0000-0000-7000-8000-000000000381,1905152400000,2,2,5365
019a0000-0000-7000-8000-000000000142,1905670800000,3,2,5710
019a0000-0000-7000-8000-000000000163,1906189200000,3,2,8457
019a0000-0000-7000-8000-000000000170,1906362000000,3,2,9548
019a0000-0000-7000-8000-000000000537,1906448400000,3,2,13390
019a0000-0000-7000-8000-000000000146,1906534800000,4,2,6934
019a0000-0000-7000-8000-000000000481,1906794000000,3,2,9114
019a0000-0000-7000-8000-000000000524,1906794000000,2,2,4884
019a0000-0000-7000-8000-000000000560,1906794000000,1,2,12012
019a0000-0000-7000-8000-000000000123,1906880400000,3,2,11151
019a0000-0000-7000-8000-000000000312,1906880400000,3,2,11651
019a0000-0000-7000-8000-000000000479,1907139600000,1,2,13144
019a0000-0000-7000-8000-000000000528,1907485200000,3,2,10454
019a0000-0000-7000-8000-000000000167,1907917200000,3,2,13580
019a0000-0000-7000-8000-000000000479,1908003600000,3,3,5185
019a0000-0000-7000-8000-000000000026,1908090000000,3,2,5140
019a0000-0000-7000-8000-000000000785,1908176400000,3,2,6153
019a0000-0000-7000-8000-000000000282,1908522000000,3,2,14693
019a0000-0000-7000-8000-000000000643,1908522000000,3,2,6197
019a0000-0000-7000-8000-000000000039,1908694800000,4,2,8002
019a0000-0000-7000-8000-000000000076,1908694800000,3,2,8298
019a0000-0000-7000-8000-000000000646,1908694800000,3,2,7844
019a0000-0000-7000-8000-000000000783,1908781200000,2,2,10148
019a0000-0000-7000-8000-000000000447,1908954000000,3,2,9359
019a0000-0000-7000-8000-000000000193,1909040400000,1,2,12990
019a0000-0000-7000-8000-000000000174,1909126800000,3,2,10282
019a0000-0000-7000-8000-000000000580,1909213200000,3,2,12272
019a0000-0000-7000-8000-000000000523,1909386000000,4,2,3106
019a0000-0000-7000-8000-000000000195,1909645200000,3,2,14489
019a0000-0000-7000-8000-000000000193,1909818000000,3,3,11245
019a0000-0000-7000-8000-000000000468,1909990800000,1,2,3830
019a0000-0000-7000-8000-000000000114,1910250000000,3,2,7017
019a0000-0000-7000-8000-000000000627,1910422800000,1,2,9306
019a0000-0000-7000-8000-000000000734,1910509200000,2,2,3319
019a0000-0000-7000-8000-000000000583,1910768400000,1,2,5989
019a0000-0000-7000-8000-000000000468,1910854800000,3,3,5662
019a0000-0000-7000-8000-000000000074,1911200400000,3,2,3158
019a0000-0000-7000-8000-000000000627,1911286800000,3,3,12855
019a0000-0000-7000-8000-000000000349,1911459600000,3,2,11150
019a0000-0000-7000-8000-000000000260,1911632400000,2,2,5829
019a0000-0000-7000-8000-000000000624,1912064400000,3,2,6102
019a0000-0000-7000-8000-000000000479,1912150800000,2,2,5267
019a0000-0000-7000-8000-000000000090,1912410000000,2,2,7657
019a0000-0000-7000-8000-000000000064,1913101200000,1,2,13549
019a0000-0000-7000-8000-000000000112,1913274000000,2,2,14945
019a0000-0000-7000-8000-000000000141,1913533200000,3,2,13644
019a0000-0000-7000-8000-000000000553,1913533200000,1,2,12992
019a0000-0000-7000-8000-000000000478,1913792400000,3,2,8318
019a0000-0000-7000-8000-000000000703,1913792400000,3,2,5942
019a0000-0000-7000-8000-000000000064,1913878800000,3,3,10065
019a0000-0000-7000-8000-000000000601,1913965200000,3,2,14111
019a0000-0000-7000-8000-000000000552,1914310800000,3,2,8821
019a0000-0000-7000-8000-000000000093,1914397200000,2,2,3308
019a0000-0000-7000-8000-000000000553,1914397200000,2,3,12387
019a0000-0000-7000-8000-000000000154,1914483600000,3,2,4582
019a0000-0000-7000-8000-000000000397,1914483600000,3,2,9024
019a0000-0000-7000-8000-000000000728,1914483600000,3,2,13323
019a0000-0000-7000-8000-000000000506,1914570000000,3,2,11338
019a0000-0000-7000-8000-000000000330,1914656400000,2,2,4174
019a0000-0000-7000-8000-000000000468,1915002000000,3,2,3732
019a0000-0000-7000-8000-000000000357,1915088400000,2,2,8720
019a0000-0000-7000-8000-000000000437,1915088400000,3,2,11783
019a0000-0000-7000-8000-000000000461,1915261200000,1,2,4459
019a0000-0000-7000-8000-000000000627,1915434000000,3,2,7694
019a0000-0000-7000-8000-000000000165,1915520400000,2,2,9860
019a0000-0000-7000-8000-000000000659,1915866000000,2,2,9721
019a0000-0000-7000-8000-000000000168,1915952400000,2,2,7709
019a0000-0000-7000-8000-000000000689,1915952400000,3,2,8831
019a0000-0000-7000-8000-000000000461,1916125200000,3,3,11907
019a0000-0000-7000-8000-000000000238,1916298000000,3,2,12348
019a0000-0000-7000-8000-000000000610,1916384400000,3,2,9215
019a0000-0000-7000-8000-000000000298,1916643600000,3,2,7728
019a0000-0000-7000-8000-000000000743,1916643600000,3,2,12312
019a0000-0000-7000-8000-000000000035,1916816400000,1,2,8406
019a0000-0000-7000-8000-000000000431,1916816400000,3,2,4408
019a0000-0000-7000-8000-000000000565,1916902800000,3,2,6639
019a0000-0000-7000-8000-000000000553,1917248400000,4,2,9283
019a0000-0000-7000-8000-000000000775,1917421200000,3,2,8912
019a0000-0000-7000-8000-000000000035,1917594000000,2,3,11078
019a0000-0000-7000-8000-000000000706,1917766800000,1,2,5161
019a0000-0000-7000-8000-000000000748,1917939600000,3,2,3683
019a0000-0000-7000-8000-000000000360,1918198800000,3,2,9091
019a0000-0000-7000-8000-000000000463,1918544400000,3,2,8471
019a0000-0000-7000-8000-000000000706,1918630800000,3,3,6305
019a0000-0000-7000-8000-000000000035,1919494800000,3,2,13456
019a0000-0000-7000-8000-000000000338,1919667600000,2,2,14473
019a0000-0000-7000-8000-000000000461,1920272400000,3,2,8130
019a0000-0000-7000-8000-000000000755,1920358800000,2,2,9027
019a0000-0000-7000-8000-000000000729,1920445200000,1,2,8214
019a0000-0000-7000-8000-000000000272,1920531600000,3,2,6110
019a0000-0000-7000-8000-000000000283,1920531600000,2,2,8733
019a0000-0000-7000-8000-000000000631,1920531600000,3,2,11688
019a0000-0000-7000-8000-000000000465,1920790800000,3,2,13111
019a0000-0000-7000-8000-000000000061,1921050000000,3,2,11235
019a0000-0000-7000-8000-000000000636,1921309200000,2,2,13691
019a0000-0000-7000-8000-000000000729,1921309200000,3,3,14978
019a0000-0000-7000-8000-000000000721,1921654800000,3,2,11680
019a0000-0000-7000-8000-000000000159,1921827600000,3,2,5631
019a0000-0000-7000-8000-000000000714,1922000400000,2,2,8714
019a0000-0000-7000-8000-000000000124,1922086800000,4,2,3249
019a0000-0000-7000-8000-000000000543,1922086800000,3,2,7957
019a0000-0000-7000-8000-000000000420,1922259600000,3,2,14114
019a0000-0000-7000-8000-000000000794,1922432400000,3,2,5271
019a0000-0000-7000-8000-000000000336,1922691600000,3,2,10893
019a0000-0000-7000-8000-000000000518,1922778000000,3,2,9093
019a0000-0000-7000-8000-000000000706,1922778000000,4,2,3380
019a0000-0000-7000-8000-000000000299,1922864400000,1,2,8207
019a0000-0000-7000-8000-000000000099,1923037200000,2,2,5754
019a0000-0000-7000-8000-000000000258,1923123600000,3,2,6387
019a0000-0000-7000-8000-000000000299,1923728400000,3,3,7018
019a0000-0000-7000-8000-000000000713,1923728400000,4,2,9120
019a0000-0000-7000-8000-000000000762,1923728400000,1,2,7090
019a0000-0000-7000-8000-000000000236,1923901200000,3,2,5184
019a0000-0000-7000-8000-000000000581,1924506000000,3,2,13827
019a0000-0000-7000-8000-000000000668,1924506000000,2,2,11739
019a0000-0000-7000-8000-000000000762,1924592400000,3,3,11239
019a0000-0000-7000-8000-000000000540,1925283600000,3,2,3553
019a0000-0000-7000-8000-000000000729,1925456400000,1,2,10293
019a0000-0000-7000-8000-000000000756,1925542800000,3,2,14730
019a0000-0000-7000-8000-000000000786,1925629200000,1,2,10639
019a0000-0000-7000-8000-000000000122,1926147600000,2,2,12573
019a0000-0000-7000-8000-000000000220,1926234000000,3,2,7557
019a0000-0000-7000-8000-000000000786,1926493200000,1,3,7624
019a0000-0000-7000-8000-000000000786,1926579600000,1,3,5200
019a0000-0000-7000-8000-000000000484,1926838800000,3,2,12431
019a0000-0000-7000-8000-000000000050,1926925200000,3,2,11303
019a0000-0000-7000-8000-000000000603,1927011600000,3,2,7353
019a0000-0000-7000-8000-000000000423,1927098000000,3,2,9683
019a0000-0000-7000-8000-000000000765,1927184400000,2,2,11756
019a0000-0000-7000-8000-000000000384,1927357200000,2,2,5820
019a0000-0000-7000-8000-000000000746,1927357200000,4,2,6523
019a0000-0000-7000-8000-000000000541,1927616400000,3,2,13844
019a0000-0000-7000-8000-000000000023,1927875600000,1,2,3303
019a0000-0000-7000-8000-000000000299,1927875600000,2,2,7357
019a0000-0000-7000-8000-000000000378,1927962000000,3,2,11641
019a0000-0000-7000-8000-000000000392,1928134800000,3,2,8910
019a0000-0000-7000-8000-000000000196,1928394000000,1,2,14072
019a0000-0000-7000-8000-000000000023,1928653200000,1,3,9677
019a0000-0000-7000-8000-000000000762,1928739600000,3,2,10359
019a0000-0000-7000-8000-000000000196,1929171600000,3,3,3574
019a0000-0000-7000-8000-000000000326,1929603600000,3,2,4942
019a0000-0000-7000-8000-000000000691,1933232400000,3,2,9397
019a0000-0000-7000-8000-000000000575,1933318800000,3,2,13129
019a0000-0000-7000-8000-000000000024,1933837200000,3,2,13801
019a0000-0000-7000-8000-000000000337,1933923600000,3,2,5314
019a0000-0000-7000-8000-000000000178,1934010000000,3,2,9629
019a0000-0000-7000-8000-000000000097,1937898000000,3,2,9664
019a0000-0000-7000-8000-000000000712,1938589200000,3,2,11458
019a0000-0000-7000-8000-000000000323,1939021200000,3,2,11391
019a0000-0000-7000-8000-000000000162,1941181200000,3,2,3149
019a0000-0000-7000-8000-000000000620,1941354000000,1,2,11236
019a0000-0000-7000-8000-000000000500,1941613200000,3,2,11747
019a0000-0000-7000-8000-000000000132,1942131600000,2,2,14864
019a0000-0000-7000-8000-000000000049,1942822800000,3,2,9912
019a0000-0000-7000-8000-000000000029,1944378000000,3,2,6682
019a0000-0000-7000-8000-000000000363,1945587600000,2,2,11760
019a0000-0000-7000-8000-000000000508,1946278800000,1,2,3475
019a0000-0000-7000-8000-000000000244,1947574800000,3,2,3596
019a0000-0000-7000-8000-000000000681,1948093200000,3,2,6458
019a0000-0000-7000-8000-000000000058,1948438800000,3,2,11187
019a0000-0000-7000-8000-000000000709,1948957200000,3,2,5009
019a0000-0000-7000-8000-000000000648,1949130000000,3,2,4153
019a0000-0000-7000-8000-000000000779,1949648400000,4,2,6919
019a0000-0000-7000-8000-000000000687,1949734800000,2,2,12638
019a0000-0000-7000-8000-000000000156,1950512400000,3,2,8638
019a0000-0000-7000-8000-000000000623,1951203600000,2,2,11540
019a0000-0000-7000-8000-000000000686,1952586000000,3,2,7237
019a0000-0000-7000-8000-000000000321,1952758800000,3,2,7610
019a0000-0000-7000-8000-000000000072,1952845200000,1,2,8502
019a0000-0000-7000-8000-000000000584,1956992400000,3,2,13663
019a0000-0000-7000-8000-000000000494,1958029200000,3,2,10774
019a0000-0000-7000-8000-000000000311,1958202000000,3,2,10469
019a0000-0000-7000-8000-000000000280,1962954000000,3,2,3848
019a0000-0000-7000-8000-000000000390,1964250000000,4,2,12724
019a0000-0000-7000-8000-000000000269,1964941200000,3,2,12369
019a0000-0000-7000-8000-000000000183,1965459600000,2,2,3555
019a0000-0000-7000-8000-000000000205,1967187600000,3,2,12928
019a0000-0000-7000-8000-000000000277,1969347600000,3,2,10486
019a0000-0000-7000-8000-000000000449,1969520400000,3,2,4153
019a0000-0000-7000-8000-000000000512,1971421200000,3,2,5740
019a0000-0000-7000-8000-000000000489,1975827600000,3,2,5666
019a0000-0000-7000-8000-000000000513,1977123600000,2,2,9272
019a0000-0000-7000-8000-000000000189,1983258000000,3,2,11746
019a0000-0000-7000-8000-000000000212,1984467600000,3,2,4616
019a0000-0000-7000-8000-000000000495,1985763600000,3,2,13479
019a0000-0000-7000-8000-000000000036,1986886800000,3,2,10734
019a0000-0000-7000-8000-000000000204,1987491600000,1,2,6212
019a0000-0000-7000-8000-000000000204,1988355600000,2,3,11773
019a0000-0000-7000-8000-000000000379,1988355600000,3,2,4348
019a0000-0000-7000-8000-000000000486,1988701200000,1,2,7116
019a0000-0000-7000-8000-000000000652,1989306000000,1,2,10660
019a0000-0000-7000-8000-000000000486,1989565200000,3,3,4118
019a0000-0000-7000-8000-000000000652,1990170000000,3,3,10076
019a0000-0000-7000-8000-000000000657,1991725200000,3,2,3912
019a0000-0000-7000-8000-000000000394,1995354000000,1,2,8650
019a0000-0000-7000-8000-000000000340,1995613200000,3,2,8782
019a0000-0000-7000-8000-000000000394,1996218000000,1,3,5733
019a0000-0000-7000-8000-000000000510,1996563600000,3,2,9810
019a0000-0000-7000-8000-000000000473,1996736400000,3,2,5733
019a0000-0000-7000-8000-000000000614,1997082000000,2,2,3661
019a0000-0000-7000-8000-000000000684,1997082000000,3,2,10725
019a0000-0000-7000-8000-000000000027,1997168400000,3,2,11664
019a0000-0000-7000-8000-000000000672,1997686800000,1,2,6422
019a0000-0000-7000-8000-000000000545,1998118800000,3,2,3964
019a0000-0000-7000-8000-000000000672,1998550800000,2,3,3058
019a0000-0000-7000-8000-000000000704,2000365200000,3,2,13958
019a0000-0000-7000-8000-000000000218,2001402000000,2,2,11178
019a0000-0000-7000-8000-000000000781,2001488400000,3,2,10851
019a0000-0000-7000-8000-000000000365,2001661200000,3,2,5522
019a0000-0000-7000-8000-000000000092,2001920400000,3,2,7033
019a0000-0000-7000-8000-000000000136,2002438800000,3,2,14427
019a0000-0000-7000-8000-000000000797,2003994000000,1,2,8560
019a0000-0000-7000-8000-000000000350,2004339600000,3,2,4437
019a0000-0000-7000-8000-000000000797,2004858000000,3,3,13393
019a0000-0000-7000-8000-000000000735,2005549200000,2,2,4418
019a0000-0000-7000-8000-000000000664,2005894800000,3,2,12628
019a0000-0000-7000-8000-000000000505,2006154000000,3,2,7662
019a0000-0000-7000-8000-000000000181,2006845200000,3,2,10245
019a0000-0000-7000-8000-000000000307,2008400400000,3,2,10034
019a0000-0000-7000-8000-000000000759,2008400400000,3,2,7157
019a0000-0000-7000-8000-000000000654,2008746000000,3,2,7533
019a0000-0000-7000-8000-000000000705,2008918800000,3,2,6575
019a0000-0000-7000-8000-000000000738,2009264400000,3,2,9555
019a0000-0000-7000-8000-000000000293,2009523600000,3,2,11996
019a0000-0000-7000-8000-000000000053,2011078800000,3,2,10387
019a0000-0000-7000-8000-000000000435,2011165200000,3,2,8606
019a0000-0000-7000-8000-000000000574,2011165200000,3,2,10929
019a0000-0000-7000-8000-000000000496,2011251600000,3,2,3436
019a0000-0000-7000-8000-000000000188,2011424400000,3,2,8586
019a0000-0000-7000-8000-000000000081,2012029200000,2,2,12652
019a0000-0000-7000-8000-000000000459,2012806800000,3,2,11981
019a0000-0000-7000-8000-000000000219,2015312400000,3,2,7757
019a0000-0000-7000-8000-000000000341,2016608400000,4,2,8579
019a0000-0000-7000-8000-000000000182,2023952400000,3,2,11876
019a0000-0000-7000-8000-000000000509,2030518800000,1,2,14375
019a0000-0000-7000-8000-000000000509,2031555600000,3,3,7138
019a0000-0000-7000-8000-000000000546,2031901200000,1,2,10237
019a0000-0000-7000-8000-000000000007,2031987600000,3,2,3899
019a0000-0000-7000-8000-000000000546,2032851600000,3,3,12926
019a0000-0000-7000-8000-000000000403,2033110800000,3,2,11128
019a0000-0000-7000-8000-000000000509,2036826000000,3,2,9302
019a0000-0000-7000-8000-000000000628,2038813200000,1,2,9832
019a0000-0000-7000-8000-000000000628,2039936400000,3,3,7482
019a0000-0000-7000-8000-000000000708,2042787600000,3,2,10266
019a0000-0000-7000-8000-000000000453,2044083600000,3,2,8958
019a0000-0000-7000-8000-000000000211,2045552400000,3,2,5696
019a0000-0000-7000-8000-000000000628,2045552400000,3,2,5962
019a0000-0000-7000-8000-000000000561,2046330000000,3,2,14246
019a0000-0000-7000-8000-000000000647,2046416400000,3,2,6232
019a0000-0000-7000-8000-000000000032,2047971600000,3,2,8508
019a0000-0000-7000-8000-000000000629,2048835600000,1,2,7383
019a0000-0000-7000-8000-000000000745,2048835600000,3,2,9480
019a0000-0000-7000-8000-000000000237,2049181200000,3,2,4744
019a0000-0000-7000-8000-000000000629,2049958800000,4,3,7318
019a0000-0000-7000-8000-000000000567,2050304400000,3,2,10271
019a0000-0000-7000-8000-000000000371,2051341200000,3,2,10491
019a0000-0000-7000-8000-000000000102,2051773200000,3,2,9326
019a0000-0000-7000-8000-000000000404,2051946000000,2,2,3439
019a0000-0000-7000-8000-000000000790,2052118800000,3,2,3905
019a0000-0000-7000-8000-000000000443,2052637200000,3,2,7384
019a0000-0000-7000-8000-000000000626,2053501200000,3,2,12122
019a0000-0000-7000-8000-000000000555,2053587600000,2,2,14932
019a0000-0000-7000-8000-000000000179,2054797200000,3,2,10881
019a0000-0000-7000-8000-000000000511,2055920400000,1,2,10234
019a0000-0000-7000-8000-000000000511,2057043600000,3,3,11056
019a0000-0000-7000-8000-000000000041,2057907600000,2,2,5286
019a0000-0000-7000-8000-000000000629,2059462800000,2,2,10487
019a0000-0000-7000-8000-000000000138,2062659600000,3,2,9411
019a0000-0000-7000-8000-000000000511,2062659600000,3,2,7172
019a0000-0000-7000-8000-000000000742,2063350800000,2,2,10370
019a0000-0000-7000-8000-000000000088,2064474000000,3,2,12637
019a0000-0000-7000-8000-000000000255,2065251600000,3,2,10540
019a0000-0000-7000-8000-000000000792,2067152400000,3,2,11063
019a0000-0000-7000-8000-000000000667,2068794000000,1,2,4902
019a0000-0000-7000-8000-000000000155,2069571600000,2,2,3005
019a0000-0000-7000-8000-000000000667,2069744400000,3,3,13048
019a0000-0000-7000-8000-000000000590,2070349200000,3,2,7618
019a0000-0000-7000-8000-000000000243,2070435600000,3,2,5482
019a0000-0000-7000-8000-000000000700,2070781200000,2,2,7155
019a0000-0000-7000-8000-000000000585,2070954000000,2,2,11444
019a0000-0000-7000-8000-000000000662,2071040400000,3,2,4215
019a0000-0000-7000-8000-000000000787,2071040400000,3,2,3277
019a0000-0000-7000-8000-000000000215,2071904400000,1,2,7240
019a0000-0000-7000-8000-000000000215,2072854800000,1,3,8598
019a0000-0000-7000-8000-000000000116,2074669200000,3,2,13106
019a0000-0000-7000-8000-000000000690,2075792400000,2,2,9042
019a0000-0000-7000-8000-000000000401,2077088400000,3,2,11720
019a0000-0000-7000-8000-000000000295,2077520400000,3,2,9676
019a0000-0000-7000-8000-000000000441,2077606800000,1,2,4040
019a0000-0000-7000-8000-000000000600,2077693200000,3,2,8498
019a0000-0000-7000-8000-000000000773,2078211600000,1,2,4167
019a0000-0000-7000-8000-000000000773,2079162000000,3,3,9852
019a0000-0000-7000-8000-000000000778,2079421200000,3,2,5814
019a0000-0000-7000-8000-000000000719,2079507600000,2,2,10886
019a0000-0000-7000-8000-000000000757,2079594000000,1,2,13382
019a0000-0000-7000-8000-000000000402,2081754000000,2,2,12987
019a0000-0000-7000-8000-000000000467,2081840400000,3,2,13253
019a0000-0000-7000-8000-000000000160,2081926800000,3,2,10307
019a0000-0000-7000-8000-000000000201,2082531600000,2,2,6230
019a0000-0000-7000-8000-000000000586,2083827600000,3,2,5497
019a0000-0000-7000-8000-000000000754,2084259600000,3,2,5367
019a0000-0000-7000-8000-000000000451,2085469200000,3,2,6653
019a0000-0000-7000-8000-000000000669,2086592400000,3,2,10009
019a0000-0000-7000-8000-000000000412,2088666000000,3,2,11042
019a0000-0000-7000-8000-000000000329,2089011600000,3,2,4648
019a0000-0000-7000-8000-000000000149,2091258000000,1,2,8644
019a0000-0000-7000-8000-000000000190,2091776400000,3,2,6995
019a0000-0000-7000-8000-000000000126,2092899600000,3,2,12853
019a0000-0000-7000-8000-000000000502,2094195600000,3,2,5135
019a0000-0000-7000-8000-000000000619,2095318800000,3,2,4394
